/Library/Frameworks/Python.framework/Versions/3.14/lib/python3.14/site-packages/torch/jit/_script.py:1643: FutureWarning: `torch.jit.interface` is deprecated. Please use `torch.compile` instead.
  warnings.warn(
<frozen runpy>:128: RuntimeWarning: 'segmentation.train' found in sys.modules after import of package 'segmentation', but prior to execution of 'segmentation.train'; this may result in unpredictable behaviour
2026-09-22 01:17:49,339 | INFO | __main__ | Confirmed train/val disjoint from held-out (60 subjects)
2026-09-22 01:17:49,340 | INFO | __main__ | Wrote train/val lists + config -> checkpoints/brats_v2_loss_fix
2026-09-22 01:17:49,832 | INFO | __main__ | Training segresnet on mps | train=40 val=10 | amp=False | loss=DiceCELoss(bg=True)
2026-09-22 01:17:49,832 | INFO | __main__ | Regions / channels: ['enhancing_tumor', 'tumor_core', 'whole_tumor']
2026-09-22 01:17:53,085 | INFO | __main__ | Epoch 1 train batch 1/40 | loss=1.0176 | dice_ch=[0.9771, 0.964, 0.9395]
2026-09-22 01:17:56,258 | INFO | __main__ | Epoch 1 train batch 2/40 | loss=1.0977 | dice_ch=[0.9924, 0.8339, 0.7746]
2026-09-22 01:17:59,383 | INFO | __main__ | Epoch 1 train batch 3/40 | loss=1.0721 | dice_ch=[0.9245, 0.8042, 0.7304]
2026-09-22 01:18:02,530 | INFO | __main__ | Epoch 1 train batch 4/40 | loss=1.0891 | dice_ch=[1.0, 0.7312, 0.5742]
2026-09-22 01:18:05,620 | INFO | __main__ | Epoch 1 train batch 5/40 | loss=1.0445 | dice_ch=[0.9471, 0.8976, 0.7992]
2026-09-22 01:18:08,731 | INFO | __main__ | Epoch 1 train batch 6/40 | loss=0.9999 | dice_ch=[1.0, 1.0, 0.9969]
2026-09-22 01:18:11,842 | INFO | __main__ | Epoch 1 train batch 7/40 | loss=1.0332 | dice_ch=[0.93, 0.8883, 0.7805]
2026-09-22 01:18:14,934 | INFO | __main__ | Epoch 1 train batch 8/40 | loss=1.0794 | dice_ch=[0.8726, 0.8092, 0.5747]
2026-09-22 01:18:18,030 | INFO | __main__ | Epoch 1 train batch 9/40 | loss=1.0718 | dice_ch=[0.9102, 0.8352, 0.8116]
2026-09-22 01:18:21,152 | INFO | __main__ | Epoch 1 train batch 10/40 | loss=1.0060 | dice_ch=[0.9793, 0.9743, 0.883]
2026-09-22 01:18:24,253 | INFO | __main__ | Epoch 1 train batch 11/40 | loss=1.0023 | dice_ch=[0.9952, 0.9868, 0.9447]
2026-09-22 01:18:27,339 | INFO | __main__ | Epoch 1 train batch 12/40 | loss=1.0627 | dice_ch=[0.9196, 0.8504, 0.6363]
2026-09-22 01:18:30,401 | INFO | __main__ | Epoch 1 train batch 13/40 | loss=1.0571 | dice_ch=[0.9278, 0.8126, 0.7556]
2026-09-22 01:18:33,494 | INFO | __main__ | Epoch 1 train batch 14/40 | loss=0.9993 | dice_ch=[0.997, 0.9895, 0.9306]
2026-09-22 01:18:36,545 | INFO | __main__ | Epoch 1 train batch 15/40 | loss=1.1112 | dice_ch=[0.8422, 0.754, 0.5827]
2026-09-22 01:18:39,630 | INFO | __main__ | Epoch 1 train batch 16/40 | loss=0.9999 | dice_ch=[0.995, 0.9681, 0.8794]
2026-09-22 01:18:42,710 | INFO | __main__ | Epoch 1 train batch 17/40 | loss=1.0112 | dice_ch=[0.9587, 0.9193, 0.7084]
2026-09-22 01:18:45,831 | INFO | __main__ | Epoch 1 train batch 18/40 | loss=1.0062 | dice_ch=[0.97, 0.9504, 0.844]
2026-09-22 01:18:48,991 | INFO | __main__ | Epoch 1 train batch 19/40 | loss=1.0158 | dice_ch=[0.9602, 0.902, 0.8322]
2026-09-22 01:18:52,139 | INFO | __main__ | Epoch 1 train batch 20/40 | loss=1.0294 | dice_ch=[0.9997, 0.8539, 0.8241]
2026-09-22 01:18:55,311 | INFO | __main__ | Epoch 1 train batch 21/40 | loss=1.0000 | dice_ch=[1.0, 1.0, 1.0]
2026-09-22 01:18:58,431 | INFO | __main__ | Epoch 1 train batch 22/40 | loss=1.0486 | dice_ch=[0.9268, 0.8537, 0.8171]
2026-09-22 01:19:01,530 | INFO | __main__ | Epoch 1 train batch 23/40 | loss=1.0165 | dice_ch=[0.9697, 0.8954, 0.8556]
2026-09-22 01:19:04,633 | INFO | __main__ | Epoch 1 train batch 24/40 | loss=1.0160 | dice_ch=[0.9555, 0.9224, 0.8316]
2026-09-22 01:19:07,726 | INFO | __main__ | Epoch 1 train batch 25/40 | loss=1.0518 | dice_ch=[0.9545, 0.8129, 0.7894]
2026-09-22 01:19:10,833 | INFO | __main__ | Epoch 1 train batch 26/40 | loss=1.0066 | dice_ch=[1.0, 0.858, 0.8147]
2026-09-22 01:19:13,912 | INFO | __main__ | Epoch 1 train batch 27/40 | loss=1.0050 | dice_ch=[0.9958, 0.9929, 0.7239]
2026-09-22 01:19:17,012 | INFO | __main__ | Epoch 1 train batch 28/40 | loss=1.0049 | dice_ch=[0.9794, 0.9588, 0.9107]
2026-09-22 01:19:20,126 | INFO | __main__ | Epoch 1 train batch 29/40 | loss=1.0295 | dice_ch=[0.9499, 0.8635, 0.785]
2026-09-22 01:19:23,182 | INFO | __main__ | Epoch 1 train batch 30/40 | loss=1.1193 | dice_ch=[0.8283, 0.5843, 0.5143]
2026-09-22 01:19:26,280 | INFO | __main__ | Epoch 1 train batch 31/40 | loss=1.0133 | dice_ch=[0.9538, 0.9123, 0.7653]
2026-09-22 01:19:29,370 | INFO | __main__ | Epoch 1 train batch 32/40 | loss=1.0192 | dice_ch=[0.9378, 0.8664, 0.7249]
2026-09-22 01:19:32,449 | INFO | __main__ | Epoch 1 train batch 33/40 | loss=1.0470 | dice_ch=[0.9973, 0.7673, 0.7511]
2026-09-22 01:19:35,561 | INFO | __main__ | Epoch 1 train batch 34/40 | loss=1.0304 | dice_ch=[0.9378, 0.8684, 0.7981]
2026-09-22 01:19:38,672 | INFO | __main__ | Epoch 1 train batch 35/40 | loss=1.0568 | dice_ch=[0.8951, 0.736, 0.6152]
2026-09-22 01:19:41,769 | INFO | __main__ | Epoch 1 train batch 36/40 | loss=1.0075 | dice_ch=[1.0, 0.9136, 0.9144]
2026-09-22 01:19:44,915 | INFO | __main__ | Epoch 1 train batch 37/40 | loss=1.0463 | dice_ch=[0.9193, 0.8076, 0.5928]
2026-09-22 01:19:48,032 | INFO | __main__ | Epoch 1 train batch 38/40 | loss=1.0866 | dice_ch=[0.8704, 0.6553, 0.4693]
2026-09-22 01:19:51,126 | INFO | __main__ | Epoch 1 train batch 39/40 | loss=0.9928 | dice_ch=[0.9974, 0.9463, 0.8018]
2026-09-22 01:19:54,214 | INFO | __main__ | Epoch 1 train batch 40/40 | loss=0.9997 | dice_ch=[0.9989, 0.9978, 0.9886]
2026-09-22 01:19:54,214 | INFO | __main__ | Epoch 1 train channel Dice losses ET/TC/WT = 0.9542 / 0.8734 / 0.7817
2026-09-22 01:19:57,048 | INFO | __main__ | Epoch 1 val batch 1/10
2026-09-22 01:20:00,036 | INFO | __main__ | Epoch 1 val batch 2/10
2026-09-22 01:20:03,099 | INFO | __main__ | Epoch 1 val batch 3/10
2026-09-22 01:20:06,174 | INFO | __main__ | Epoch 1 val batch 4/10
2026-09-22 01:20:09,335 | INFO | __main__ | Epoch 1 val batch 5/10
2026-09-22 01:20:12,386 | INFO | __main__ | Epoch 1 val batch 6/10
2026-09-22 01:20:15,527 | INFO | __main__ | Epoch 1 val batch 7/10
2026-09-22 01:20:18,587 | INFO | __main__ | Epoch 1 val batch 8/10
2026-09-22 01:20:21,787 | INFO | __main__ | Epoch 1 val batch 9/10
2026-09-22 01:20:25,058 | INFO | __main__ | Epoch 1 val batch 10/10
2026-09-22 01:20:25,062 | INFO | __main__ | Epoch 1/20 | train_loss=1.0351 | dice_ch=[0.954,0.873,0.782] | val_dice=0.0567 (ET=0.011 TC=0.000 WT=0.158) | 155.2s | lr=1.00e-04
2026-09-22 01:20:25,447 | INFO | __main__ | New best mean val Dice 0.0567 -> checkpoints/brats_v2_loss_fix/best_model.pt
2026-09-22 01:20:28,678 | INFO | __main__ | Epoch 2 train batch 1/40 | loss=0.9997 | dice_ch=[0.9779, 0.9528, 0.8124]
2026-09-22 01:20:31,965 | INFO | __main__ | Epoch 2 train batch 2/40 | loss=1.0352 | dice_ch=[0.9118, 0.774, 0.4855]
2026-09-22 01:20:35,178 | INFO | __main__ | Epoch 2 train batch 3/40 | loss=1.0073 | dice_ch=[0.9678, 0.9301, 0.8617]
2026-09-22 01:20:38,394 | INFO | __main__ | Epoch 2 train batch 4/40 | loss=1.0021 | dice_ch=[0.9778, 0.9644, 0.8904]
2026-09-22 01:20:41,738 | INFO | __main__ | Epoch 2 train batch 5/40 | loss=1.1057 | dice_ch=[0.8126, 0.5564, 0.481]
2026-09-22 01:20:45,074 | INFO | __main__ | Epoch 2 train batch 6/40 | loss=1.1361 | dice_ch=[0.9841, 0.4894, 0.4045]
2026-09-22 01:20:48,446 | INFO | __main__ | Epoch 2 train batch 7/40 | loss=1.0021 | dice_ch=[1.0, 0.9299, 0.9038]
2026-09-22 01:20:51,800 | INFO | __main__ | Epoch 2 train batch 8/40 | loss=1.0573 | dice_ch=[0.9972, 0.767, 0.7494]
2026-09-22 01:20:55,295 | INFO | __main__ | Epoch 2 train batch 9/40 | loss=0.9944 | dice_ch=[0.996, 0.9903, 0.9151]
2026-09-22 01:20:58,613 | INFO | __main__ | Epoch 2 train batch 10/40 | loss=1.0403 | dice_ch=[0.9277, 0.7233, 0.6679]
2026-09-22 01:21:02,126 | INFO | __main__ | Epoch 2 train batch 11/40 | loss=1.0712 | dice_ch=[0.8474, 0.7277, 0.5291]
2026-09-22 01:21:05,591 | INFO | __main__ | Epoch 2 train batch 12/40 | loss=0.9981 | dice_ch=[0.9909, 0.9778, 0.8724]
2026-09-22 01:21:08,968 | INFO | __main__ | Epoch 2 train batch 13/40 | loss=1.0636 | dice_ch=[0.8674, 0.7445, 0.4433]
2026-09-22 01:21:12,456 | INFO | __main__ | Epoch 2 train batch 14/40 | loss=1.0340 | dice_ch=[0.9395, 0.8446, 0.721]
2026-09-22 01:21:15,914 | INFO | __main__ | Epoch 2 train batch 15/40 | loss=0.9996 | dice_ch=[0.9801, 0.936, 0.8163]
2026-09-22 01:21:19,291 | INFO | __main__ | Epoch 2 train batch 16/40 | loss=1.0459 | dice_ch=[0.8909, 0.7114, 0.5671]
2026-09-22 01:21:22,788 | INFO | __main__ | Epoch 2 train batch 17/40 | loss=1.0000 | dice_ch=[1.0, 1.0, 1.0]
2026-09-22 01:21:26,239 | INFO | __main__ | Epoch 2 train batch 18/40 | loss=1.0000 | dice_ch=[1.0, 1.0, 1.0]
2026-09-22 01:21:29,668 | INFO | __main__ | Epoch 2 train batch 19/40 | loss=0.9983 | dice_ch=[1.0, 1.0, 0.9845]
2026-09-22 01:21:33,095 | INFO | __main__ | Epoch 2 train batch 20/40 | loss=1.0494 | dice_ch=[0.9095, 0.858, 0.7468]
2026-09-22 01:21:36,551 | INFO | __main__ | Epoch 2 train batch 21/40 | loss=1.0896 | dice_ch=[0.9034, 0.5901, 0.4779]
2026-09-22 01:21:39,985 | INFO | __main__ | Epoch 2 train batch 22/40 | loss=1.0059 | dice_ch=[0.9647, 0.9014, 0.8]
2026-09-22 01:21:43,688 | INFO | __main__ | Epoch 2 train batch 23/40 | loss=1.0531 | dice_ch=[0.8808, 0.6652, 0.6249]
2026-09-22 01:21:47,362 | INFO | __main__ | Epoch 2 train batch 24/40 | loss=0.9998 | dice_ch=[0.9991, 0.9981, 0.9932]
2026-09-22 01:21:50,853 | INFO | __main__ | Epoch 2 train batch 25/40 | loss=1.0165 | dice_ch=[0.9611, 0.8726, 0.824]
2026-09-22 01:21:54,541 | INFO | __main__ | Epoch 2 train batch 26/40 | loss=1.0175 | dice_ch=[0.9342, 0.8794, 0.7801]
2026-09-22 01:21:58,132 | INFO | __main__ | Epoch 2 train batch 27/40 | loss=1.0226 | dice_ch=[0.9507, 0.8494, 0.7632]
2026-09-22 01:22:01,796 | INFO | __main__ | Epoch 2 train batch 28/40 | loss=0.9956 | dice_ch=[0.9966, 0.9874, 0.9068]
2026-09-22 01:22:05,485 | INFO | __main__ | Epoch 2 train batch 29/40 | loss=0.9950 | dice_ch=[0.9784, 0.9287, 0.8127]
2026-09-22 01:22:09,089 | INFO | __main__ | Epoch 2 train batch 30/40 | loss=0.9832 | dice_ch=[0.994, 0.9877, 0.7641]
2026-09-22 01:22:12,602 | INFO | __main__ | Epoch 2 train batch 31/40 | loss=1.0141 | dice_ch=[0.9463, 0.8961, 0.7454]
2026-09-22 01:22:16,178 | INFO | __main__ | Epoch 2 train batch 32/40 | loss=0.9948 | dice_ch=[0.9988, 0.9705, 0.8962]
2026-09-22 01:22:19,791 | INFO | __main__ | Epoch 2 train batch 33/40 | loss=1.0836 | dice_ch=[0.8666, 0.677, 0.6334]
2026-09-22 01:22:23,368 | INFO | __main__ | Epoch 2 train batch 34/40 | loss=1.0217 | dice_ch=[0.9122, 0.7133, 0.518]
2026-09-22 01:22:27,072 | INFO | __main__ | Epoch 2 train batch 35/40 | loss=1.0000 | dice_ch=[1.0, 1.0, 0.9981]
2026-09-22 01:22:30,612 | INFO | __main__ | Epoch 2 train batch 36/40 | loss=1.0000 | dice_ch=[1.0, 1.0, 0.9999]
2026-09-22 01:22:34,203 | INFO | __main__ | Epoch 2 train batch 37/40 | loss=1.0000 | dice_ch=[1.0, 1.0, 1.0]
2026-09-22 01:22:37,690 | INFO | __main__ | Epoch 2 train batch 38/40 | loss=1.0000 | dice_ch=[1.0, 1.0, 1.0]
2026-09-22 01:22:41,270 | INFO | __main__ | Epoch 2 train batch 39/40 | loss=1.0903 | dice_ch=[0.8412, 0.5881, 0.4017]
2026-09-22 01:22:44,779 | INFO | __main__ | Epoch 2 train batch 40/40 | loss=1.0535 | dice_ch=[0.8434, 0.718, 0.5355]
2026-09-22 01:22:44,779 | INFO | __main__ | Epoch 2 train channel Dice losses ET/TC/WT = 0.9487 / 0.8525 / 0.7582
2026-09-22 01:22:48,408 | INFO | __main__ | Epoch 2 val batch 1/10
2026-09-22 01:22:51,901 | INFO | __main__ | Epoch 2 val batch 2/10
2026-09-22 01:22:55,422 | INFO | __main__ | Epoch 2 val batch 3/10
2026-09-22 01:22:59,131 | INFO | __main__ | Epoch 2 val batch 4/10
2026-09-22 01:23:02,748 | INFO | __main__ | Epoch 2 val batch 5/10
2026-09-22 01:23:06,194 | INFO | __main__ | Epoch 2 val batch 6/10
2026-09-22 01:23:09,708 | INFO | __main__ | Epoch 2 val batch 7/10
2026-09-22 01:23:13,314 | INFO | __main__ | Epoch 2 val batch 8/10
2026-09-22 01:23:16,805 | INFO | __main__ | Epoch 2 val batch 9/10
2026-09-22 01:23:20,238 | INFO | __main__ | Epoch 2 val batch 10/10
2026-09-22 01:23:20,243 | INFO | __main__ | Epoch 2/20 | train_loss=1.0269 | dice_ch=[0.949,0.853,0.758] | val_dice=0.0933 (ET=0.018 TC=0.062 WT=0.199) | 174.8s | lr=1.00e-04
2026-09-22 01:23:20,626 | INFO | __main__ | New best mean val Dice 0.0933 -> checkpoints/brats_v2_loss_fix/best_model.pt
2026-09-22 01:23:24,145 | INFO | __main__ | Epoch 3 train batch 1/40 | loss=1.0000 | dice_ch=[1.0, 1.0, 0.9995]
2026-09-22 01:23:27,831 | INFO | __main__ | Epoch 3 train batch 2/40 | loss=0.9933 | dice_ch=[0.9987, 0.9699, 0.8824]
2026-09-22 01:23:31,351 | INFO | __main__ | Epoch 3 train batch 3/40 | loss=1.0106 | dice_ch=[0.9314, 0.8703, 0.7661]
2026-09-22 01:23:35,067 | INFO | __main__ | Epoch 3 train batch 4/40 | loss=1.0660 | dice_ch=[0.8517, 0.7027, 0.5273]
2026-09-22 01:23:38,838 | INFO | __main__ | Epoch 3 train batch 5/40 | loss=0.9968 | dice_ch=[0.9835, 0.9672, 0.8725]
2026-09-22 01:23:42,799 | INFO | __main__ | Epoch 3 train batch 6/40 | loss=1.1243 | dice_ch=[0.9827, 0.5041, 0.3609]
2026-09-22 01:23:46,415 | INFO | __main__ | Epoch 3 train batch 7/40 | loss=0.9925 | dice_ch=[1.0, 0.9813, 0.8952]
2026-09-22 01:23:50,122 | INFO | __main__ | Epoch 3 train batch 8/40 | loss=1.1064 | dice_ch=[0.7668, 0.6189, 0.4237]
2026-09-22 01:23:53,841 | INFO | __main__ | Epoch 3 train batch 9/40 | loss=1.0141 | dice_ch=[0.9614, 0.8554, 0.8142]
2026-09-22 01:23:57,267 | INFO | __main__ | Epoch 3 train batch 10/40 | loss=0.9969 | dice_ch=[0.9978, 0.9943, 0.9593]
2026-09-22 01:24:01,123 | INFO | __main__ | Epoch 3 train batch 11/40 | loss=0.9885 | dice_ch=[0.9983, 0.9972, 0.7507]
2026-09-22 01:24:04,679 | INFO | __main__ | Epoch 3 train batch 12/40 | loss=1.0057 | dice_ch=[0.9661, 0.9283, 0.8513]
2026-09-22 01:24:07,988 | INFO | __main__ | Epoch 3 train batch 13/40 | loss=0.9995 | dice_ch=[1.0, 0.8498, 0.7835]
2026-09-22 01:24:11,832 | INFO | __main__ | Epoch 3 train batch 14/40 | loss=1.0018 | dice_ch=[0.9794, 0.9605, 0.9054]
2026-09-22 01:24:15,313 | INFO | __main__ | Epoch 3 train batch 15/40 | loss=1.0034 | dice_ch=[0.9701, 0.9159, 0.824]
2026-09-22 01:24:18,762 | INFO | __main__ | Epoch 3 train batch 16/40 | loss=1.0265 | dice_ch=[1.0, 0.6764, 0.4604]
2026-09-22 01:24:22,343 | INFO | __main__ | Epoch 3 train batch 17/40 | loss=1.0134 | dice_ch=[0.9611, 0.8752, 0.8365]
2026-09-22 01:24:25,939 | INFO | __main__ | Epoch 3 train batch 18/40 | loss=0.9934 | dice_ch=[0.992, 0.9155, 0.835]
2026-09-22 01:24:29,481 | INFO | __main__ | Epoch 3 train batch 19/40 | loss=1.0128 | dice_ch=[0.9997, 0.7855, 0.7427]
2026-09-22 01:24:32,952 | INFO | __main__ | Epoch 3 train batch 20/40 | loss=0.9917 | dice_ch=[0.9958, 0.988, 0.885]
2026-09-22 01:24:36,588 | INFO | __main__ | Epoch 3 train batch 21/40 | loss=1.0519 | dice_ch=[0.9947, 0.6094, 0.5665]
2026-09-22 01:24:40,169 | INFO | __main__ | Epoch 3 train batch 22/40 | loss=1.0012 | dice_ch=[0.9796, 0.8899, 0.8185]
2026-09-22 01:24:43,675 | INFO | __main__ | Epoch 3 train batch 23/40 | loss=1.0000 | dice_ch=[1.0, 1.0, 1.0]
2026-09-22 01:24:47,225 | INFO | __main__ | Epoch 3 train batch 24/40 | loss=0.9942 | dice_ch=[0.9953, 0.9908, 0.8994]
2026-09-22 01:24:50,671 | INFO | __main__ | Epoch 3 train batch 25/40 | loss=0.9829 | dice_ch=[0.9937, 0.9876, 0.7578]
2026-09-22 01:24:54,509 | INFO | __main__ | Epoch 3 train batch 26/40 | loss=0.9950 | dice_ch=[0.9989, 0.9978, 0.9345]
2026-09-22 01:24:58,021 | INFO | __main__ | Epoch 3 train batch 27/40 | loss=1.0237 | dice_ch=[0.9052, 0.7095, 0.586]
2026-09-22 01:25:01,912 | INFO | __main__ | Epoch 3 train batch 28/40 | loss=1.0000 | dice_ch=[1.0, 1.0, 1.0]
2026-09-22 01:25:05,720 | INFO | __main__ | Epoch 3 train batch 29/40 | loss=1.0053 | dice_ch=[0.9773, 0.9324, 0.8879]
2026-09-22 01:25:09,249 | INFO | __main__ | Epoch 3 train batch 30/40 | loss=1.0006 | dice_ch=[0.9536, 0.885, 0.6974]
2026-09-22 01:25:12,957 | INFO | __main__ | Epoch 3 train batch 31/40 | loss=1.0000 | dice_ch=[1.0, 1.0, 1.0]
2026-09-22 01:25:16,506 | INFO | __main__ | Epoch 3 train batch 32/40 | loss=1.0000 | dice_ch=[1.0, 1.0, 1.0]
2026-09-22 01:25:20,181 | INFO | __main__ | Epoch 3 train batch 33/40 | loss=1.0394 | dice_ch=[0.8568, 0.6982, 0.3934]
2026-09-22 01:25:23,954 | INFO | __main__ | Epoch 3 train batch 34/40 | loss=1.0076 | dice_ch=[0.9363, 0.8377, 0.521]
2026-09-22 01:25:27,639 | INFO | __main__ | Epoch 3 train batch 35/40 | loss=0.9935 | dice_ch=[0.9961, 0.987, 0.8851]
2026-09-22 01:25:31,702 | INFO | __main__ | Epoch 3 train batch 36/40 | loss=0.9795 | dice_ch=[0.9898, 0.9041, 0.6509]
2026-09-22 01:25:35,365 | INFO | __main__ | Epoch 3 train batch 37/40 | loss=1.0382 | dice_ch=[0.8943, 0.6796, 0.48]
2026-09-22 01:25:39,129 | INFO | __main__ | Epoch 3 train batch 38/40 | loss=1.0279 | dice_ch=[0.9217, 0.8021, 0.7578]
2026-09-22 01:25:42,950 | INFO | __main__ | Epoch 3 train batch 39/40 | loss=1.0060 | dice_ch=[0.9727, 0.9397, 0.7725]
2026-09-22 01:25:46,626 | INFO | __main__ | Epoch 3 train batch 40/40 | loss=0.9856 | dice_ch=[0.9851, 0.9667, 0.7814]
2026-09-22 01:25:46,626 | INFO | __main__ | Epoch 3 train channel Dice losses ET/TC/WT = 0.9672 / 0.8793 / 0.7691
2026-09-22 01:25:50,121 | INFO | __main__ | Epoch 3 val batch 1/10
2026-09-22 01:25:53,745 | INFO | __main__ | Epoch 3 val batch 2/10
2026-09-22 01:25:57,314 | INFO | __main__ | Epoch 3 val batch 3/10
2026-09-22 01:26:01,094 | INFO | __main__ | Epoch 3 val batch 4/10
2026-09-22 01:26:04,817 | INFO | __main__ | Epoch 3 val batch 5/10
2026-09-22 01:26:08,461 | INFO | __main__ | Epoch 3 val batch 6/10
2026-09-22 01:26:12,159 | INFO | __main__ | Epoch 3 val batch 7/10
2026-09-22 01:26:15,803 | INFO | __main__ | Epoch 3 val batch 8/10
2026-09-22 01:26:19,368 | INFO | __main__ | Epoch 3 val batch 9/10
2026-09-22 01:26:22,894 | INFO | __main__ | Epoch 3 val batch 10/10
2026-09-22 01:26:22,899 | INFO | __main__ | Epoch 3/20 | train_loss=1.0118 | dice_ch=[0.967,0.879,0.769] | val_dice=0.1208 (ET=0.035 TC=0.139 WT=0.188) | 182.3s | lr=1.00e-04
2026-09-22 01:26:23,221 | INFO | __main__ | New best mean val Dice 0.1208 -> checkpoints/brats_v2_loss_fix/best_model.pt
2026-09-22 01:26:27,031 | INFO | __main__ | Epoch 4 train batch 1/40 | loss=1.0042 | dice_ch=[1.0, 0.8985, 0.8739]
2026-09-22 01:26:30,554 | INFO | __main__ | Epoch 4 train batch 2/40 | loss=0.9936 | dice_ch=[0.9928, 0.9829, 0.8938]
2026-09-22 01:26:34,104 | INFO | __main__ | Epoch 4 train batch 3/40 | loss=1.0614 | dice_ch=[0.9419, 0.7662, 0.6913]
2026-09-22 01:26:37,713 | INFO | __main__ | Epoch 4 train batch 4/40 | loss=0.9993 | dice_ch=[0.9154, 0.7907, 0.5362]
2026-09-22 01:26:41,353 | INFO | __main__ | Epoch 4 train batch 5/40 | loss=1.0028 | dice_ch=[0.9998, 0.9641, 0.9554]
2026-09-22 01:26:44,862 | INFO | __main__ | Epoch 4 train batch 6/40 | loss=0.9862 | dice_ch=[0.9892, 0.912, 0.7284]
2026-09-22 01:26:48,405 | INFO | __main__ | Epoch 4 train batch 7/40 | loss=0.9993 | dice_ch=[0.9779, 0.9556, 0.8914]
2026-09-22 01:26:51,951 | INFO | __main__ | Epoch 4 train batch 8/40 | loss=0.9988 | dice_ch=[0.9512, 0.8844, 0.7344]
2026-09-22 01:26:55,591 | INFO | __main__ | Epoch 4 train batch 9/40 | loss=1.0093 | dice_ch=[0.9266, 0.8725, 0.7658]
2026-09-22 01:26:59,386 | INFO | __main__ | Epoch 4 train batch 10/40 | loss=1.0870 | dice_ch=[0.8114, 0.5378, 0.4081]
2026-09-22 01:27:02,922 | INFO | __main__ | Epoch 4 train batch 11/40 | loss=1.0062 | dice_ch=[0.9725, 0.9373, 0.8862]
2026-09-22 01:27:06,674 | INFO | __main__ | Epoch 4 train batch 12/40 | loss=1.0045 | dice_ch=[0.9523, 0.8692, 0.7159]
2026-09-22 01:27:10,422 | INFO | __main__ | Epoch 4 train batch 13/40 | loss=1.0300 | dice_ch=[1.0, 0.6229, 0.3901]
2026-09-22 01:27:14,148 | INFO | __main__ | Epoch 4 train batch 14/40 | loss=1.0019 | dice_ch=[0.9568, 0.9273, 0.8347]
2026-09-22 01:27:17,765 | INFO | __main__ | Epoch 4 train batch 15/40 | loss=1.0001 | dice_ch=[0.9936, 0.9782, 0.9684]
2026-09-22 01:27:21,391 | INFO | __main__ | Epoch 4 train batch 16/40 | loss=1.0139 | dice_ch=[0.9552, 0.8717, 0.7933]
2026-09-22 01:27:24,976 | INFO | __main__ | Epoch 4 train batch 17/40 | loss=0.9910 | dice_ch=[0.9957, 0.9878, 0.8771]
2026-09-22 01:27:28,503 | INFO | __main__ | Epoch 4 train batch 18/40 | loss=0.9852 | dice_ch=[0.9405, 0.8685, 0.4988]
2026-09-22 01:27:32,152 | INFO | __main__ | Epoch 4 train batch 19/40 | loss=1.0675 | dice_ch=[0.8269, 0.5753, 0.3727]
2026-09-22 01:27:35,744 | INFO | __main__ | Epoch 4 train batch 20/40 | loss=0.9881 | dice_ch=[0.9957, 0.9946, 0.8814]
2026-09-22 01:27:39,313 | INFO | __main__ | Epoch 4 train batch 21/40 | loss=1.0079 | dice_ch=[0.9997, 0.8095, 0.7681]
2026-09-22 01:27:42,891 | INFO | __main__ | Epoch 4 train batch 22/40 | loss=0.9922 | dice_ch=[0.989, 0.9699, 0.8666]
2026-09-22 01:27:46,708 | INFO | __main__ | Epoch 4 train batch 23/40 | loss=1.0211 | dice_ch=[0.8724, 0.684, 0.4924]
2026-09-22 01:27:50,386 | INFO | __main__ | Epoch 4 train batch 24/40 | loss=0.9973 | dice_ch=[1.0, 0.9154, 0.8569]
2026-09-22 01:27:53,984 | INFO | __main__ | Epoch 4 train batch 25/40 | loss=1.0507 | dice_ch=[0.8908, 0.7874, 0.6797]
2026-09-22 01:27:57,761 | INFO | __main__ | Epoch 4 train batch 26/40 | loss=1.0039 | dice_ch=[0.9708, 0.8779, 0.83]
2026-09-22 01:28:01,414 | INFO | __main__ | Epoch 4 train batch 27/40 | loss=1.0393 | dice_ch=[0.8863, 0.7811, 0.6854]
2026-09-22 01:28:05,063 | INFO | __main__ | Epoch 4 train batch 28/40 | loss=1.0170 | dice_ch=[0.9282, 0.8407, 0.6679]
2026-09-22 01:28:08,707 | INFO | __main__ | Epoch 4 train batch 29/40 | loss=1.0001 | dice_ch=[0.9996, 0.9992, 0.9946]
2026-09-22 01:28:12,587 | INFO | __main__ | Epoch 4 train batch 30/40 | loss=1.0066 | dice_ch=[0.9995, 0.7515, 0.7131]
2026-09-22 01:28:16,503 | INFO | __main__ | Epoch 4 train batch 31/40 | loss=0.9926 | dice_ch=[0.9712, 0.9259, 0.6986]
2026-09-22 01:28:20,156 | INFO | __main__ | Epoch 4 train batch 32/40 | loss=0.9951 | dice_ch=[1.0, 0.9771, 0.8828]
2026-09-22 01:28:23,749 | INFO | __main__ | Epoch 4 train batch 33/40 | loss=0.9987 | dice_ch=[1.0, 1.0, 0.9472]
2026-09-22 01:28:27,566 | INFO | __main__ | Epoch 4 train batch 34/40 | loss=1.0122 | dice_ch=[0.9471, 0.8232, 0.7005]
2026-09-22 01:28:31,277 | INFO | __main__ | Epoch 4 train batch 35/40 | loss=1.0140 | dice_ch=[0.9273, 0.7901, 0.6686]
2026-09-22 01:28:34,846 | INFO | __main__ | Epoch 4 train batch 36/40 | loss=0.9986 | dice_ch=[0.9309, 0.8281, 0.657]
2026-09-22 01:28:38,509 | INFO | __main__ | Epoch 4 train batch 37/40 | loss=0.9902 | dice_ch=[0.9673, 0.9168, 0.7311]
2026-09-22 01:28:42,226 | INFO | __main__ | Epoch 4 train batch 38/40 | loss=1.0129 | dice_ch=[0.914, 0.6674, 0.548]
2026-09-22 01:28:45,901 | INFO | __main__ | Epoch 4 train batch 39/40 | loss=1.0169 | dice_ch=[0.9194, 0.8444, 0.7261]
2026-09-22 01:28:49,815 | INFO | __main__ | Epoch 4 train batch 40/40 | loss=0.9913 | dice_ch=[0.9819, 0.9601, 0.8283]
2026-09-22 01:28:49,815 | INFO | __main__ | Epoch 4 train channel Dice losses ET/TC/WT = 0.9548 / 0.8587 / 0.7410
2026-09-22 01:28:53,507 | INFO | __main__ | Epoch 4 val batch 1/10
2026-09-22 01:28:57,266 | INFO | __main__ | Epoch 4 val batch 2/10
2026-09-22 01:29:01,141 | INFO | __main__ | Epoch 4 val batch 3/10
2026-09-22 01:29:04,837 | INFO | __main__ | Epoch 4 val batch 4/10
2026-09-22 01:29:08,472 | INFO | __main__ | Epoch 4 val batch 5/10
2026-09-22 01:29:12,232 | INFO | __main__ | Epoch 4 val batch 6/10
2026-09-22 01:29:15,993 | INFO | __main__ | Epoch 4 val batch 7/10
2026-09-22 01:29:19,800 | INFO | __main__ | Epoch 4 val batch 8/10
2026-09-22 01:29:23,449 | INFO | __main__ | Epoch 4 val batch 9/10
2026-09-22 01:29:27,218 | INFO | __main__ | Epoch 4 val batch 10/10
2026-09-22 01:29:27,223 | INFO | __main__ | Epoch 4/20 | train_loss=1.0097 | dice_ch=[0.955,0.859,0.741] | val_dice=0.1597 (ET=0.062 TC=0.193 WT=0.224) | 184.0s | lr=1.00e-04
2026-09-22 01:29:27,546 | INFO | __main__ | New best mean val Dice 0.1597 -> checkpoints/brats_v2_loss_fix/best_model.pt
2026-09-22 01:29:31,102 | INFO | __main__ | Epoch 5 train batch 1/40 | loss=1.0855 | dice_ch=[0.7884, 0.5131, 0.3747]
2026-09-22 01:29:34,783 | INFO | __main__ | Epoch 5 train batch 2/40 | loss=0.9877 | dice_ch=[0.9719, 0.9376, 0.7604]
2026-09-22 01:29:38,483 | INFO | __main__ | Epoch 5 train batch 3/40 | loss=1.0313 | dice_ch=[0.8793, 0.7825, 0.6915]
2026-09-22 01:29:42,093 | INFO | __main__ | Epoch 5 train batch 4/40 | loss=1.0279 | dice_ch=[0.916, 0.8033, 0.7356]
2026-09-22 01:29:45,925 | INFO | __main__ | Epoch 5 train batch 5/40 | loss=0.9932 | dice_ch=[0.9508, 0.9038, 0.7282]
2026-09-22 01:29:49,637 | INFO | __main__ | Epoch 5 train batch 6/40 | loss=0.9907 | dice_ch=[0.9985, 0.9581, 0.8424]
2026-09-22 01:29:53,358 | INFO | __main__ | Epoch 5 train batch 7/40 | loss=1.0000 | dice_ch=[1.0, 1.0, 0.9999]
2026-09-22 01:29:56,956 | INFO | __main__ | Epoch 5 train batch 8/40 | loss=0.9892 | dice_ch=[1.0, 0.8563, 0.7367]
2026-09-22 01:30:00,589 | INFO | __main__ | Epoch 5 train batch 9/40 | loss=1.0026 | dice_ch=[1.0, 0.9017, 0.875]
2026-09-22 01:30:04,498 | INFO | __main__ | Epoch 5 train batch 10/40 | loss=0.9863 | dice_ch=[0.9846, 0.967, 0.7907]
2026-09-22 01:30:08,230 | INFO | __main__ | Epoch 5 train batch 11/40 | loss=0.9889 | dice_ch=[1.0, 0.9791, 0.8714]
2026-09-22 01:30:11,833 | INFO | __main__ | Epoch 5 train batch 12/40 | loss=1.0092 | dice_ch=[0.9285, 0.8642, 0.7356]
2026-09-22 01:30:15,502 | INFO | __main__ | Epoch 5 train batch 13/40 | loss=0.9950 | dice_ch=[1.0, 1.0, 0.9434]
2026-09-22 01:30:19,194 | INFO | __main__ | Epoch 5 train batch 14/40 | loss=1.0149 | dice_ch=[1.0, 0.8042, 0.6682]
2026-09-22 01:30:23,003 | INFO | __main__ | Epoch 5 train batch 15/40 | loss=1.0097 | dice_ch=[0.9338, 0.8407, 0.7302]
2026-09-22 01:30:26,728 | INFO | __main__ | Epoch 5 train batch 16/40 | loss=0.9880 | dice_ch=[0.966, 0.9194, 0.729]
2026-09-22 01:30:30,469 | INFO | __main__ | Epoch 5 train batch 17/40 | loss=1.0087 | dice_ch=[0.941, 0.8315, 0.6818]
2026-09-22 01:30:34,173 | INFO | __main__ | Epoch 5 train batch 18/40 | loss=0.9707 | dice_ch=[0.9923, 0.9864, 0.6857]
2026-09-22 01:30:37,835 | INFO | __main__ | Epoch 5 train batch 19/40 | loss=0.9902 | dice_ch=[0.927, 0.8192, 0.6071]
2026-09-22 01:30:41,588 | INFO | __main__ | Epoch 5 train batch 20/40 | loss=0.9793 | dice_ch=[0.9651, 0.9267, 0.6553]
2026-09-22 01:30:45,279 | INFO | __main__ | Epoch 5 train batch 21/40 | loss=0.9969 | dice_ch=[0.9467, 0.8881, 0.7315]
2026-09-22 01:30:49,167 | INFO | __main__ | Epoch 5 train batch 22/40 | loss=0.9907 | dice_ch=[0.9955, 0.9883, 0.8652]
2026-09-22 01:30:52,992 | INFO | __main__ | Epoch 5 train batch 23/40 | loss=0.9840 | dice_ch=[0.9832, 0.9658, 0.7083]
2026-09-22 01:30:56,693 | INFO | __main__ | Epoch 5 train batch 24/40 | loss=1.0000 | dice_ch=[1.0, 1.0, 0.9995]
2026-09-22 01:31:00,311 | INFO | __main__ | Epoch 5 train batch 25/40 | loss=1.0581 | dice_ch=[0.8873, 0.8034, 0.6876]
2026-09-22 01:31:04,071 | INFO | __main__ | Epoch 5 train batch 26/40 | loss=0.9954 | dice_ch=[1.0, 0.9149, 0.8629]
2026-09-22 01:31:07,733 | INFO | __main__ | Epoch 5 train batch 27/40 | loss=1.0008 | dice_ch=[1.0, 0.9905, 0.9872]
2026-09-22 01:31:11,512 | INFO | __main__ | Epoch 5 train batch 28/40 | loss=1.0153 | dice_ch=[0.8337, 0.6917, 0.3176]
2026-09-22 01:31:15,277 | INFO | __main__ | Epoch 5 train batch 29/40 | loss=1.0025 | dice_ch=[0.969, 0.8879, 0.8475]
2026-09-22 01:31:18,880 | INFO | __main__ | Epoch 5 train batch 30/40 | loss=0.9913 | dice_ch=[0.9869, 0.962, 0.8712]
2026-09-22 01:31:22,574 | INFO | __main__ | Epoch 5 train batch 31/40 | loss=1.0062 | dice_ch=[0.9538, 0.843, 0.7727]
2026-09-22 01:31:26,245 | INFO | __main__ | Epoch 5 train batch 32/40 | loss=1.0000 | dice_ch=[1.0, 1.0, 1.0]
2026-09-22 01:31:29,871 | INFO | __main__ | Epoch 5 train batch 33/40 | loss=1.0673 | dice_ch=[0.9905, 0.721, 0.663]
2026-09-22 01:31:33,715 | INFO | __main__ | Epoch 5 train batch 34/40 | loss=0.9940 | dice_ch=[0.9476, 0.8788, 0.7276]
2026-09-22 01:31:37,522 | INFO | __main__ | Epoch 5 train batch 35/40 | loss=1.0039 | dice_ch=[0.9222, 0.8668, 0.7514]
2026-09-22 01:31:41,182 | INFO | __main__ | Epoch 5 train batch 36/40 | loss=1.0077 | dice_ch=[0.9326, 0.8392, 0.735]
2026-09-22 01:31:44,826 | INFO | __main__ | Epoch 5 train batch 37/40 | loss=1.0241 | dice_ch=[0.8605, 0.7614, 0.5083]
2026-09-22 01:31:48,607 | INFO | __main__ | Epoch 5 train batch 38/40 | loss=1.0724 | dice_ch=[0.8847, 0.5312, 0.3882]
2026-09-22 01:31:52,353 | INFO | __main__ | Epoch 5 train batch 39/40 | loss=0.9978 | dice_ch=[0.8986, 0.7312, 0.4227]
2026-09-22 01:31:56,048 | INFO | __main__ | Epoch 5 train batch 40/40 | loss=1.0036 | dice_ch=[0.9412, 0.8399, 0.6886]
2026-09-22 01:31:56,049 | INFO | __main__ | Epoch 5 train channel Dice losses ET/TC/WT = 0.9519 / 0.8675 / 0.7345
2026-09-22 01:31:59,981 | INFO | __main__ | Epoch 5 val batch 1/10
2026-09-22 01:32:03,797 | INFO | __main__ | Epoch 5 val batch 2/10
2026-09-22 01:32:07,402 | INFO | __main__ | Epoch 5 val batch 3/10
2026-09-22 01:32:11,094 | INFO | __main__ | Epoch 5 val batch 4/10
2026-09-22 01:32:15,028 | INFO | __main__ | Epoch 5 val batch 5/10
2026-09-22 01:32:18,727 | INFO | __main__ | Epoch 5 val batch 6/10
2026-09-22 01:32:22,510 | INFO | __main__ | Epoch 5 val batch 7/10
2026-09-22 01:32:26,277 | INFO | __main__ | Epoch 5 val batch 8/10
2026-09-22 01:32:30,026 | INFO | __main__ | Epoch 5 val batch 9/10
2026-09-22 01:32:33,722 | INFO | __main__ | Epoch 5 val batch 10/10
2026-09-22 01:32:33,728 | INFO | __main__ | Epoch 5/20 | train_loss=1.0065 | dice_ch=[0.952,0.867,0.734] | val_dice=0.1447 (ET=0.050 TC=0.205 WT=0.179) | 186.2s | lr=1.00e-04
2026-09-22 01:32:37,523 | INFO | __main__ | Epoch 6 train batch 1/40 | loss=0.9766 | dice_ch=[0.9975, 0.9967, 0.616]
2026-09-22 01:32:41,192 | INFO | __main__ | Epoch 6 train batch 2/40 | loss=0.9940 | dice_ch=[0.9742, 0.9492, 0.86]
2026-09-22 01:32:44,802 | INFO | __main__ | Epoch 6 train batch 3/40 | loss=0.9815 | dice_ch=[0.9969, 0.9383, 0.7328]
2026-09-22 01:32:48,453 | INFO | __main__ | Epoch 6 train batch 4/40 | loss=1.0296 | dice_ch=[0.8082, 0.6615, 0.3648]
2026-09-22 01:32:52,009 | INFO | __main__ | Epoch 6 train batch 5/40 | loss=0.9906 | dice_ch=[0.9867, 0.9786, 0.8739]
2026-09-22 01:32:55,607 | INFO | __main__ | Epoch 6 train batch 6/40 | loss=0.9745 | dice_ch=[0.9613, 0.9288, 0.6393]
2026-09-22 01:32:59,168 | INFO | __main__ | Epoch 6 train batch 7/40 | loss=0.9847 | dice_ch=[0.9937, 0.9497, 0.7975]
2026-09-22 01:33:02,920 | INFO | __main__ | Epoch 6 train batch 8/40 | loss=1.0735 | dice_ch=[0.8847, 0.5377, 0.3514]
2026-09-22 01:33:06,492 | INFO | __main__ | Epoch 6 train batch 9/40 | loss=1.1064 | dice_ch=[0.993, 0.5542, 0.41]
2026-09-22 01:33:10,415 | INFO | __main__ | Epoch 6 train batch 10/40 | loss=1.0439 | dice_ch=[0.8834, 0.7778, 0.674]
2026-09-22 01:33:14,039 | INFO | __main__ | Epoch 6 train batch 11/40 | loss=0.9826 | dice_ch=[0.9841, 0.9615, 0.769]
2026-09-22 01:33:17,832 | INFO | __main__ | Epoch 6 train batch 12/40 | loss=1.0776 | dice_ch=[0.9842, 0.4924, 0.3751]
2026-09-22 01:33:21,485 | INFO | __main__ | Epoch 6 train batch 13/40 | loss=0.9930 | dice_ch=[0.9056, 0.7436, 0.5286]
2026-09-22 01:33:25,321 | INFO | __main__ | Epoch 6 train batch 14/40 | loss=0.9867 | dice_ch=[0.9761, 0.9424, 0.7398]
2026-09-22 01:33:28,819 | INFO | __main__ | Epoch 6 train batch 15/40 | loss=0.9981 | dice_ch=[0.951, 0.8584, 0.7029]
2026-09-22 01:33:32,354 | INFO | __main__ | Epoch 6 train batch 16/40 | loss=0.9814 | dice_ch=[0.9375, 0.8625, 0.45]
2026-09-22 01:33:35,905 | INFO | __main__ | Epoch 6 train batch 17/40 | loss=0.9837 | dice_ch=[0.9915, 0.9752, 0.7605]
2026-09-22 01:33:39,602 | INFO | __main__ | Epoch 6 train batch 18/40 | loss=1.0125 | dice_ch=[0.906, 0.7236, 0.5716]
2026-09-22 01:33:43,228 | INFO | __main__ | Epoch 6 train batch 19/40 | loss=1.0022 | dice_ch=[0.9297, 0.8506, 0.7523]
2026-09-22 01:33:47,024 | INFO | __main__ | Epoch 6 train batch 20/40 | loss=1.0000 | dice_ch=[1.0, 0.7977, 0.7528]
2026-09-22 01:33:50,825 | INFO | __main__ | Epoch 6 train batch 21/40 | loss=0.9883 | dice_ch=[1.0, 0.9774, 0.8695]
2026-09-22 01:33:54,351 | INFO | __main__ | Epoch 6 train batch 22/40 | loss=0.9948 | dice_ch=[0.9598, 0.9066, 0.7924]
2026-09-22 01:33:57,936 | INFO | __main__ | Epoch 6 train batch 23/40 | loss=0.9991 | dice_ch=[1.0, 0.9961, 0.9735]
2026-09-22 01:34:01,709 | INFO | __main__ | Epoch 6 train batch 24/40 | loss=0.9965 | dice_ch=[0.9394, 0.8347, 0.6227]
2026-09-22 01:34:05,257 | INFO | __main__ | Epoch 6 train batch 25/40 | loss=1.0064 | dice_ch=[0.8394, 0.7226, 0.4782]
2026-09-22 01:34:08,864 | INFO | __main__ | Epoch 6 train batch 26/40 | loss=0.9835 | dice_ch=[1.0, 0.8158, 0.6904]
2026-09-22 01:34:12,570 | INFO | __main__ | Epoch 6 train batch 27/40 | loss=1.0000 | dice_ch=[1.0, 1.0, 1.0]
2026-09-22 01:34:16,286 | INFO | __main__ | Epoch 6 train batch 28/40 | loss=1.0068 | dice_ch=[0.8653, 0.6647, 0.449]
2026-09-22 01:34:19,921 | INFO | __main__ | Epoch 6 train batch 29/40 | loss=0.9692 | dice_ch=[0.9919, 0.9858, 0.6881]
2026-09-22 01:34:23,541 | INFO | __main__ | Epoch 6 train batch 30/40 | loss=0.9836 | dice_ch=[0.8899, 0.7568, 0.4275]
2026-09-22 01:34:27,411 | INFO | __main__ | Epoch 6 train batch 31/40 | loss=1.0088 | dice_ch=[0.9153, 0.8326, 0.7093]
2026-09-22 01:34:31,128 | INFO | __main__ | Epoch 6 train batch 32/40 | loss=1.0074 | dice_ch=[0.9546, 0.8429, 0.7696]
2026-09-22 01:34:34,686 | INFO | __main__ | Epoch 6 train batch 33/40 | loss=1.0000 | dice_ch=[0.9997, 0.9995, 0.9994]
2026-09-22 01:34:38,326 | INFO | __main__ | Epoch 6 train batch 34/40 | loss=0.9973 | dice_ch=[1.0, 1.0, 0.9747]
2026-09-22 01:34:41,909 | INFO | __main__ | Epoch 6 train batch 35/40 | loss=1.0221 | dice_ch=[0.9139, 0.7991, 0.7219]
2026-09-22 01:34:45,465 | INFO | __main__ | Epoch 6 train batch 36/40 | loss=1.0075 | dice_ch=[0.9509, 0.8779, 0.7655]
2026-09-22 01:34:49,031 | INFO | __main__ | Epoch 6 train batch 37/40 | loss=0.9934 | dice_ch=[0.9996, 0.7062, 0.6099]
2026-09-22 01:34:52,659 | INFO | __main__ | Epoch 6 train batch 38/40 | loss=0.9877 | dice_ch=[0.9807, 0.8796, 0.7479]
2026-09-22 01:34:56,208 | INFO | __main__ | Epoch 6 train batch 39/40 | loss=0.9811 | dice_ch=[0.9734, 0.9027, 0.7257]
2026-09-22 01:34:59,853 | INFO | __main__ | Epoch 6 train batch 40/40 | loss=1.0531 | dice_ch=[0.8872, 0.7419, 0.6682]
2026-09-22 01:34:59,853 | INFO | __main__ | Epoch 6 train channel Dice losses ET/TC/WT = 0.9527 / 0.8431 / 0.6851
2026-09-22 01:35:03,640 | INFO | __main__ | Epoch 6 val batch 1/10
2026-09-22 01:35:07,319 | INFO | __main__ | Epoch 6 val batch 2/10
2026-09-22 01:35:10,885 | INFO | __main__ | Epoch 6 val batch 3/10
2026-09-22 01:35:14,504 | INFO | __main__ | Epoch 6 val batch 4/10
2026-09-22 01:35:18,179 | INFO | __main__ | Epoch 6 val batch 5/10
2026-09-22 01:35:21,706 | INFO | __main__ | Epoch 6 val batch 6/10
2026-09-22 01:35:25,464 | INFO | __main__ | Epoch 6 val batch 7/10
2026-09-22 01:35:29,187 | INFO | __main__ | Epoch 6 val batch 8/10
2026-09-22 01:35:32,821 | INFO | __main__ | Epoch 6 val batch 9/10
2026-09-22 01:35:36,333 | INFO | __main__ | Epoch 6 val batch 10/10
2026-09-22 01:35:36,338 | INFO | __main__ | Epoch 6/20 | train_loss=1.0040 | dice_ch=[0.953,0.843,0.685] | val_dice=0.2088 (ET=0.113 TC=0.189 WT=0.325) | 182.4s | lr=1.00e-04
2026-09-22 01:35:36,646 | INFO | __main__ | New best mean val Dice 0.2088 -> checkpoints/brats_v2_loss_fix/best_model.pt
2026-09-22 01:35:40,333 | INFO | __main__ | Epoch 7 train batch 1/40 | loss=1.0022 | dice_ch=[0.9095, 0.6506, 0.4804]
2026-09-22 01:35:44,041 | INFO | __main__ | Epoch 7 train batch 2/40 | loss=0.9997 | dice_ch=[0.9975, 0.9947, 0.9862]
2026-09-22 01:35:47,693 | INFO | __main__ | Epoch 7 train batch 3/40 | loss=0.9821 | dice_ch=[0.9909, 0.976, 0.7334]
2026-09-22 01:35:51,191 | INFO | __main__ | Epoch 7 train batch 4/40 | loss=0.9987 | dice_ch=[1.0, 0.9991, 0.9847]
2026-09-22 01:35:54,733 | INFO | __main__ | Epoch 7 train batch 5/40 | loss=0.9829 | dice_ch=[0.9527, 0.9152, 0.6589]
2026-09-22 01:35:58,411 | INFO | __main__ | Epoch 7 train batch 6/40 | loss=1.0477 | dice_ch=[0.9331, 0.7666, 0.6579]
2026-09-22 01:36:02,135 | INFO | __main__ | Epoch 7 train batch 7/40 | loss=0.9812 | dice_ch=[0.9838, 0.9624, 0.7719]
2026-09-22 01:36:05,659 | INFO | __main__ | Epoch 7 train batch 8/40 | loss=0.9781 | dice_ch=[0.9328, 0.8146, 0.5408]
2026-09-22 01:36:09,330 | INFO | __main__ | Epoch 7 train batch 9/40 | loss=1.0048 | dice_ch=[0.8625, 0.7638, 0.5489]
2026-09-22 01:36:13,047 | INFO | __main__ | Epoch 7 train batch 10/40 | loss=1.0080 | dice_ch=[1.0, 0.6117, 0.3542]
2026-09-22 01:36:16,818 | INFO | __main__ | Epoch 7 train batch 11/40 | loss=1.0053 | dice_ch=[0.9525, 0.8634, 0.7782]
2026-09-22 01:36:20,505 | INFO | __main__ | Epoch 7 train batch 12/40 | loss=0.9999 | dice_ch=[1.0, 1.0, 0.999]
2026-09-22 01:36:24,031 | INFO | __main__ | Epoch 7 train batch 13/40 | loss=0.9932 | dice_ch=[0.9613, 0.9088, 0.812]
2026-09-22 01:36:27,743 | INFO | __main__ | Epoch 7 train batch 14/40 | loss=0.9943 | dice_ch=[0.9873, 0.9649, 0.9096]
2026-09-22 01:36:31,580 | INFO | __main__ | Epoch 7 train batch 15/40 | loss=1.0000 | dice_ch=[1.0, 1.0, 0.9996]
2026-09-22 01:36:35,140 | INFO | __main__ | Epoch 7 train batch 16/40 | loss=1.0065 | dice_ch=[0.8767, 0.7566, 0.6614]
2026-09-22 01:36:38,824 | INFO | __main__ | Epoch 7 train batch 17/40 | loss=1.0000 | dice_ch=[1.0, 1.0, 0.9999]
2026-09-22 01:36:42,609 | INFO | __main__ | Epoch 7 train batch 18/40 | loss=1.0043 | dice_ch=[1.0, 0.9585, 0.9463]
2026-09-22 01:36:46,153 | INFO | __main__ | Epoch 7 train batch 19/40 | loss=1.0362 | dice_ch=[0.8344, 0.5603, 0.3455]
2026-09-22 01:36:49,795 | INFO | __main__ | Epoch 7 train batch 20/40 | loss=1.0046 | dice_ch=[0.942, 0.8308, 0.7198]
2026-09-22 01:36:53,361 | INFO | __main__ | Epoch 7 train batch 21/40 | loss=0.9887 | dice_ch=[0.9473, 0.8724, 0.6953]
2026-09-22 01:36:57,228 | INFO | __main__ | Epoch 7 train batch 22/40 | loss=0.9727 | dice_ch=[0.9533, 0.8742, 0.5618]
2026-09-22 01:37:01,101 | INFO | __main__ | Epoch 7 train batch 23/40 | loss=1.0141 | dice_ch=[0.8234, 0.6523, 0.4358]
2026-09-22 01:37:04,857 | INFO | __main__ | Epoch 7 train batch 24/40 | loss=0.9945 | dice_ch=[0.9998, 0.957, 0.9361]
2026-09-22 01:37:08,488 | INFO | __main__ | Epoch 7 train batch 25/40 | loss=0.9982 | dice_ch=[0.9991, 0.7484, 0.6548]
2026-09-22 01:37:12,158 | INFO | __main__ | Epoch 7 train batch 26/40 | loss=0.9928 | dice_ch=[0.9904, 0.9376, 0.8754]
2026-09-22 01:37:15,878 | INFO | __main__ | Epoch 7 train batch 27/40 | loss=1.0724 | dice_ch=[0.7661, 0.5326, 0.3391]
2026-09-22 01:37:19,514 | INFO | __main__ | Epoch 7 train batch 28/40 | loss=1.0002 | dice_ch=[0.9992, 0.997, 0.9922]
2026-09-22 01:37:23,358 | INFO | __main__ | Epoch 7 train batch 29/40 | loss=0.9717 | dice_ch=[0.9623, 0.9175, 0.6391]
2026-09-22 01:37:27,031 | INFO | __main__ | Epoch 7 train batch 30/40 | loss=0.9851 | dice_ch=[0.9963, 0.9725, 0.8324]
2026-09-22 01:37:30,785 | INFO | __main__ | Epoch 7 train batch 31/40 | loss=1.0000 | dice_ch=[1.0, 1.0, 1.0]
2026-09-22 01:37:34,615 | INFO | __main__ | Epoch 7 train batch 32/40 | loss=1.0138 | dice_ch=[0.9136, 0.7824, 0.7139]
2026-09-22 01:37:38,239 | INFO | __main__ | Epoch 7 train batch 33/40 | loss=1.0000 | dice_ch=[1.0, 1.0, 1.0]
2026-09-22 01:37:42,050 | INFO | __main__ | Epoch 7 train batch 34/40 | loss=1.0015 | dice_ch=[0.9314, 0.8245, 0.7141]
2026-09-22 01:37:45,753 | INFO | __main__ | Epoch 7 train batch 35/40 | loss=0.9970 | dice_ch=[1.0, 0.8851, 0.8407]
2026-09-22 01:37:49,348 | INFO | __main__ | Epoch 7 train batch 36/40 | loss=0.9971 | dice_ch=[0.9367, 0.8161, 0.6687]
2026-09-22 01:37:53,036 | INFO | __main__ | Epoch 7 train batch 37/40 | loss=0.9871 | dice_ch=[0.9962, 0.9914, 0.8334]
2026-09-22 01:37:56,772 | INFO | __main__ | Epoch 7 train batch 38/40 | loss=1.0076 | dice_ch=[0.8415, 0.6894, 0.2915]
2026-09-22 01:38:00,371 | INFO | __main__ | Epoch 7 train batch 39/40 | loss=1.0241 | dice_ch=[0.7889, 0.6281, 0.3485]
2026-09-22 01:38:04,099 | INFO | __main__ | Epoch 7 train batch 40/40 | loss=0.9917 | dice_ch=[0.9727, 0.9421, 0.8599]
2026-09-22 01:38:04,099 | INFO | __main__ | Epoch 7 train channel Dice losses ET/TC/WT = 0.9484 / 0.8580 / 0.7280
2026-09-22 01:38:07,642 | INFO | __main__ | Epoch 7 val batch 1/10
2026-09-22 01:38:11,416 | INFO | __main__ | Epoch 7 val batch 2/10
2026-09-22 01:38:15,173 | INFO | __main__ | Epoch 7 val batch 3/10
2026-09-22 01:38:18,946 | INFO | __main__ | Epoch 7 val batch 4/10
2026-09-22 01:38:22,615 | INFO | __main__ | Epoch 7 val batch 5/10
2026-09-22 01:38:26,316 | INFO | __main__ | Epoch 7 val batch 6/10
2026-09-22 01:38:30,026 | INFO | __main__ | Epoch 7 val batch 7/10
2026-09-22 01:38:33,705 | INFO | __main__ | Epoch 7 val batch 8/10
2026-09-22 01:38:37,238 | INFO | __main__ | Epoch 7 val batch 9/10
2026-09-22 01:38:40,932 | INFO | __main__ | Epoch 7 val batch 10/10
2026-09-22 01:38:40,938 | INFO | __main__ | Epoch 7/20 | train_loss=1.0010 | dice_ch=[0.948,0.858,0.728] | val_dice=0.1731 (ET=0.074 TC=0.248 WT=0.197) | 184.3s | lr=1.00e-04
2026-09-22 01:38:44,854 | INFO | __main__ | Epoch 8 train batch 1/40 | loss=1.0042 | dice_ch=[0.8879, 0.8028, 0.5874]
2026-09-22 01:38:48,564 | INFO | __main__ | Epoch 8 train batch 2/40 | loss=1.0039 | dice_ch=[0.9266, 0.7713, 0.6385]
2026-09-22 01:38:52,226 | INFO | __main__ | Epoch 8 train batch 3/40 | loss=1.0429 | dice_ch=[0.8746, 0.7375, 0.6574]
2026-09-22 01:38:55,993 | INFO | __main__ | Epoch 8 train batch 4/40 | loss=0.9827 | dice_ch=[0.9937, 0.9444, 0.8137]
2026-09-22 01:39:00,001 | INFO | __main__ | Epoch 8 train batch 5/40 | loss=1.0036 | dice_ch=[0.97, 0.9006, 0.8639]
2026-09-22 01:39:03,740 | INFO | __main__ | Epoch 8 train batch 6/40 | loss=1.0473 | dice_ch=[0.9891, 0.5144, 0.37]
2026-09-22 01:39:07,414 | INFO | __main__ | Epoch 8 train batch 7/40 | loss=1.0004 | dice_ch=[0.9132, 0.8317, 0.7227]
2026-09-22 01:39:11,100 | INFO | __main__ | Epoch 8 train batch 8/40 | loss=0.9939 | dice_ch=[1.0, 0.8026, 0.6232]
2026-09-22 01:39:14,799 | INFO | __main__ | Epoch 8 train batch 9/40 | loss=1.0226 | dice_ch=[0.9062, 0.7724, 0.649]
2026-09-22 01:39:18,490 | INFO | __main__ | Epoch 8 train batch 10/40 | loss=1.0054 | dice_ch=[0.9992, 0.86, 0.8291]
2026-09-22 01:39:22,068 | INFO | __main__ | Epoch 8 train batch 11/40 | loss=0.9851 | dice_ch=[0.9179, 0.8161, 0.6362]
2026-09-22 01:39:25,721 | INFO | __main__ | Epoch 8 train batch 12/40 | loss=0.9996 | dice_ch=[0.9642, 0.873, 0.845]
2026-09-22 01:39:29,477 | INFO | __main__ | Epoch 8 train batch 13/40 | loss=0.9842 | dice_ch=[0.9662, 0.9232, 0.7209]
2026-09-22 01:39:33,123 | INFO | __main__ | Epoch 8 train batch 14/40 | loss=0.9825 | dice_ch=[0.8994, 0.6891, 0.3991]
2026-09-22 01:39:36,727 | INFO | __main__ | Epoch 8 train batch 15/40 | loss=0.9867 | dice_ch=[0.9824, 0.9489, 0.8248]
2026-09-22 01:39:40,383 | INFO | __main__ | Epoch 8 train batch 16/40 | loss=0.9992 | dice_ch=[0.9906, 0.9781, 0.9455]
2026-09-22 01:39:44,103 | INFO | __main__ | Epoch 8 train batch 17/40 | loss=1.0000 | dice_ch=[1.0, 1.0, 1.0]
2026-09-22 01:39:47,816 | INFO | __main__ | Epoch 8 train batch 18/40 | loss=0.9828 | dice_ch=[0.986, 0.9551, 0.8013]
2026-09-22 01:39:51,370 | INFO | __main__ | Epoch 8 train batch 19/40 | loss=0.9874 | dice_ch=[0.9431, 0.8671, 0.707]
2026-09-22 01:39:54,941 | INFO | __main__ | Epoch 8 train batch 20/40 | loss=0.9865 | dice_ch=[0.9842, 0.8873, 0.8014]
2026-09-22 01:39:58,485 | INFO | __main__ | Epoch 8 train batch 21/40 | loss=0.9972 | dice_ch=[1.0, 0.881, 0.8522]
2026-09-22 01:40:02,229 | INFO | __main__ | Epoch 8 train batch 22/40 | loss=0.9857 | dice_ch=[0.9811, 0.9557, 0.8313]
2026-09-22 01:40:05,911 | INFO | __main__ | Epoch 8 train batch 23/40 | loss=0.9731 | dice_ch=[1.0, 0.9468, 0.7493]
2026-09-22 01:40:09,664 | INFO | __main__ | Epoch 8 train batch 24/40 | loss=0.9728 | dice_ch=[0.9487, 0.9006, 0.5658]
2026-09-22 01:40:13,231 | INFO | __main__ | Epoch 8 train batch 25/40 | loss=0.9601 | dice_ch=[0.9477, 0.811, 0.5087]
2026-09-22 01:40:16,938 | INFO | __main__ | Epoch 8 train batch 26/40 | loss=0.9852 | dice_ch=[0.9449, 0.8869, 0.6815]
2026-09-22 01:40:20,583 | INFO | __main__ | Epoch 8 train batch 27/40 | loss=0.9872 | dice_ch=[0.9983, 0.9614, 0.8278]
2026-09-22 01:40:24,257 | INFO | __main__ | Epoch 8 train batch 28/40 | loss=0.9886 | dice_ch=[0.9905, 0.9778, 0.7518]
2026-09-22 01:40:28,034 | INFO | __main__ | Epoch 8 train batch 29/40 | loss=1.0578 | dice_ch=[0.8723, 0.8175, 0.6823]
2026-09-22 01:40:31,662 | INFO | __main__ | Epoch 8 train batch 30/40 | loss=1.0000 | dice_ch=[1.0, 1.0, 1.0]
2026-09-22 01:40:35,361 | INFO | __main__ | Epoch 8 train batch 31/40 | loss=0.9744 | dice_ch=[0.9586, 0.913, 0.6466]
2026-09-22 01:40:38,982 | INFO | __main__ | Epoch 8 train batch 32/40 | loss=0.9889 | dice_ch=[0.9323, 0.8148, 0.5839]
2026-09-22 01:40:42,753 | INFO | __main__ | Epoch 8 train batch 33/40 | loss=0.9940 | dice_ch=[0.9996, 0.7439, 0.6592]
2026-09-22 01:40:46,607 | INFO | __main__ | Epoch 8 train batch 34/40 | loss=0.9878 | dice_ch=[0.8231, 0.7, 0.4336]
2026-09-22 01:40:50,259 | INFO | __main__ | Epoch 8 train batch 35/40 | loss=0.9784 | dice_ch=[1.0, 0.7992, 0.6653]
2026-09-22 01:40:53,909 | INFO | __main__ | Epoch 8 train batch 36/40 | loss=1.0294 | dice_ch=[0.8366, 0.645, 0.4562]
2026-09-22 01:40:57,603 | INFO | __main__ | Epoch 8 train batch 37/40 | loss=0.9826 | dice_ch=[0.9956, 0.9916, 0.8307]
2026-09-22 01:41:01,205 | INFO | __main__ | Epoch 8 train batch 38/40 | loss=0.9789 | dice_ch=[0.9674, 0.9286, 0.7367]
2026-09-22 01:41:04,902 | INFO | __main__ | Epoch 8 train batch 39/40 | loss=1.0000 | dice_ch=[1.0, 1.0, 1.0]
2026-09-22 01:41:08,426 | INFO | __main__ | Epoch 8 train batch 40/40 | loss=0.9900 | dice_ch=[0.991, 0.9764, 0.8662]
2026-09-22 01:41:08,426 | INFO | __main__ | Epoch 8 train channel Dice losses ET/TC/WT = 0.9571 / 0.8632 / 0.7191
2026-09-22 01:41:12,112 | INFO | __main__ | Epoch 8 val batch 1/10
2026-09-22 01:41:15,881 | INFO | __main__ | Epoch 8 val batch 2/10
2026-09-22 01:41:19,634 | INFO | __main__ | Epoch 8 val batch 3/10
2026-09-22 01:41:23,198 | INFO | __main__ | Epoch 8 val batch 4/10
2026-09-22 01:41:26,776 | INFO | __main__ | Epoch 8 val batch 5/10
2026-09-22 01:41:30,421 | INFO | __main__ | Epoch 8 val batch 6/10
2026-09-22 01:41:34,036 | INFO | __main__ | Epoch 8 val batch 7/10
2026-09-22 01:41:37,696 | INFO | __main__ | Epoch 8 val batch 8/10
2026-09-22 01:41:41,504 | INFO | __main__ | Epoch 8 val batch 9/10
2026-09-22 01:41:45,215 | INFO | __main__ | Epoch 8 val batch 10/10
2026-09-22 01:41:45,221 | INFO | __main__ | Epoch 8/20 | train_loss=0.9953 | dice_ch=[0.957,0.863,0.719] | val_dice=0.1995 (ET=0.088 TC=0.254 WT=0.256) | 184.1s | lr=1.00e-04
2026-09-22 01:41:49,135 | INFO | __main__ | Epoch 9 train batch 1/40 | loss=1.0047 | dice_ch=[0.9165, 0.8128, 0.57]
2026-09-22 01:41:52,744 | INFO | __main__ | Epoch 9 train batch 2/40 | loss=1.0230 | dice_ch=[0.7781, 0.6203, 0.3404]
2026-09-22 01:41:56,389 | INFO | __main__ | Epoch 9 train batch 3/40 | loss=1.0019 | dice_ch=[1.0, 0.8063, 0.6588]
2026-09-22 01:42:00,095 | INFO | __main__ | Epoch 9 train batch 4/40 | loss=1.0308 | dice_ch=[0.855, 0.6558, 0.527]
2026-09-22 01:42:03,784 | INFO | __main__ | Epoch 9 train batch 5/40 | loss=0.9809 | dice_ch=[0.9965, 0.9395, 0.7903]
2026-09-22 01:42:07,668 | INFO | __main__ | Epoch 9 train batch 6/40 | loss=0.9900 | dice_ch=[0.9809, 0.9514, 0.8615]
2026-09-22 01:42:12,897 | INFO | __main__ | Epoch 9 train batch 7/40 | loss=0.9994 | dice_ch=[1.0, 0.991, 0.9876]
2026-09-22 01:42:16,932 | INFO | __main__ | Epoch 9 train batch 8/40 | loss=1.0554 | dice_ch=[0.9886, 0.5908, 0.4894]
2026-09-22 01:42:20,836 | INFO | __main__ | Epoch 9 train batch 9/40 | loss=0.9991 | dice_ch=[0.9108, 0.7509, 0.5815]
2026-09-22 01:42:24,851 | INFO | __main__ | Epoch 9 train batch 10/40 | loss=0.9882 | dice_ch=[0.9599, 0.7731, 0.6885]
2026-09-22 01:42:28,575 | INFO | __main__ | Epoch 9 train batch 11/40 | loss=1.0002 | dice_ch=[0.9547, 0.8521, 0.7887]
2026-09-22 01:42:32,206 | INFO | __main__ | Epoch 9 train batch 12/40 | loss=0.9735 | dice_ch=[0.9617, 0.9171, 0.6651]
2026-09-22 01:42:35,793 | INFO | __main__ | Epoch 9 train batch 13/40 | loss=0.9803 | dice_ch=[0.958, 0.8764, 0.6975]
2026-09-22 01:42:39,563 | INFO | __main__ | Epoch 9 train batch 14/40 | loss=0.9816 | dice_ch=[0.9829, 0.9556, 0.78]
2026-09-22 01:42:43,157 | INFO | __main__ | Epoch 9 train batch 15/40 | loss=1.0000 | dice_ch=[1.0, 1.0, 1.0]
2026-09-22 01:42:46,882 | INFO | __main__ | Epoch 9 train batch 16/40 | loss=1.0068 | dice_ch=[0.8894, 0.691, 0.5937]
2026-09-22 01:42:50,734 | INFO | __main__ | Epoch 9 train batch 17/40 | loss=0.9940 | dice_ch=[0.9169, 0.8387, 0.7166]
2026-09-22 01:42:54,401 | INFO | __main__ | Epoch 9 train batch 18/40 | loss=0.9964 | dice_ch=[0.9142, 0.8189, 0.6974]
2026-09-22 01:42:57,959 | INFO | __main__ | Epoch 9 train batch 19/40 | loss=0.9708 | dice_ch=[1.0, 0.7765, 0.6478]
2026-09-22 01:43:01,851 | INFO | __main__ | Epoch 9 train batch 20/40 | loss=1.0556 | dice_ch=[0.9929, 0.5035, 0.3884]
2026-09-22 01:43:05,406 | INFO | __main__ | Epoch 9 train batch 21/40 | loss=0.9776 | dice_ch=[0.9993, 0.5596, 0.4435]
2026-09-22 01:43:09,248 | INFO | __main__ | Epoch 9 train batch 22/40 | loss=0.9728 | dice_ch=[0.9084, 0.6706, 0.3685]
2026-09-22 01:43:13,168 | INFO | __main__ | Epoch 9 train batch 23/40 | loss=0.9702 | dice_ch=[1.0, 0.9385, 0.6756]
2026-09-22 01:43:16,909 | INFO | __main__ | Epoch 9 train batch 24/40 | loss=0.9899 | dice_ch=[0.9644, 0.8604, 0.7696]
2026-09-22 01:43:20,635 | INFO | __main__ | Epoch 9 train batch 25/40 | loss=0.9893 | dice_ch=[0.9766, 0.9382, 0.8312]
2026-09-22 01:43:24,412 | INFO | __main__ | Epoch 9 train batch 26/40 | loss=0.9673 | dice_ch=[0.9977, 0.9967, 0.507]
2026-09-22 01:43:28,123 | INFO | __main__ | Epoch 9 train batch 27/40 | loss=1.0254 | dice_ch=[0.8962, 0.7589, 0.6804]
2026-09-22 01:43:31,764 | INFO | __main__ | Epoch 9 train batch 28/40 | loss=1.0055 | dice_ch=[0.8294, 0.6434, 0.2682]
2026-09-22 01:43:35,305 | INFO | __main__ | Epoch 9 train batch 29/40 | loss=0.9979 | dice_ch=[1.0, 1.0, 0.9818]
2026-09-22 01:43:38,963 | INFO | __main__ | Epoch 9 train batch 30/40 | loss=1.0047 | dice_ch=[0.9387, 0.7695, 0.6825]
2026-09-22 01:43:42,635 | INFO | __main__ | Epoch 9 train batch 31/40 | loss=1.0211 | dice_ch=[0.8253, 0.5562, 0.3108]
2026-09-22 01:43:46,234 | INFO | __main__ | Epoch 9 train batch 32/40 | loss=0.9721 | dice_ch=[0.9134, 0.7916, 0.5582]
2026-09-22 01:43:49,902 | INFO | __main__ | Epoch 9 train batch 33/40 | loss=0.9780 | dice_ch=[0.988, 0.9592, 0.7912]
2026-09-22 01:43:53,543 | INFO | __main__ | Epoch 9 train batch 34/40 | loss=0.9905 | dice_ch=[0.9506, 0.8129, 0.7278]
2026-09-22 01:43:57,121 | INFO | __main__ | Epoch 9 train batch 35/40 | loss=0.9670 | dice_ch=[0.989, 0.9135, 0.6809]
2026-09-22 01:44:00,791 | INFO | __main__ | Epoch 9 train batch 36/40 | loss=1.0000 | dice_ch=[1.0, 1.0, 1.0]
2026-09-22 01:44:04,663 | INFO | __main__ | Epoch 9 train batch 37/40 | loss=1.0000 | dice_ch=[1.0, 1.0, 1.0]
2026-09-22 01:44:08,155 | INFO | __main__ | Epoch 9 train batch 38/40 | loss=0.9754 | dice_ch=[0.99, 0.9774, 0.7082]
2026-09-22 01:44:11,678 | INFO | __main__ | Epoch 9 train batch 39/40 | loss=0.9883 | dice_ch=[0.9296, 0.8169, 0.6605]
2026-09-22 01:44:15,244 | INFO | __main__ | Epoch 9 train batch 40/40 | loss=0.9821 | dice_ch=[0.9957, 0.9938, 0.8413]
2026-09-22 01:44:15,245 | INFO | __main__ | Epoch 9 train channel Dice losses ET/TC/WT = 0.9512 / 0.8270 / 0.6739
2026-09-22 01:44:18,857 | INFO | __main__ | Epoch 9 val batch 1/10
2026-09-22 01:44:22,344 | INFO | __main__ | Epoch 9 val batch 2/10
2026-09-22 01:44:25,967 | INFO | __main__ | Epoch 9 val batch 3/10
2026-09-22 01:44:29,462 | INFO | __main__ | Epoch 9 val batch 4/10
2026-09-22 01:44:33,320 | INFO | __main__ | Epoch 9 val batch 5/10
2026-09-22 01:44:36,898 | INFO | __main__ | Epoch 9 val batch 6/10
2026-09-22 01:44:40,568 | INFO | __main__ | Epoch 9 val batch 7/10
2026-09-22 01:44:43,982 | INFO | __main__ | Epoch 9 val batch 8/10
2026-09-22 01:44:47,413 | INFO | __main__ | Epoch 9 val batch 9/10
2026-09-22 01:44:50,903 | INFO | __main__ | Epoch 9 val batch 10/10
2026-09-22 01:44:50,907 | INFO | __main__ | Epoch 9/20 | train_loss=0.9952 | dice_ch=[0.951,0.827,0.674] | val_dice=0.1881 (ET=0.087 TC=0.289 WT=0.189) | 185.4s | lr=1.00e-04
2026-09-22 01:44:55,017 | INFO | __main__ | Epoch 10 train batch 1/40 | loss=1.0175 | dice_ch=[0.9977, 0.7003, 0.5913]
2026-09-22 01:44:58,424 | INFO | __main__ | Epoch 10 train batch 2/40 | loss=0.9991 | dice_ch=[1.0, 0.8842, 0.8394]
2026-09-22 01:45:02,159 | INFO | __main__ | Epoch 10 train batch 3/40 | loss=0.9663 | dice_ch=[0.9228, 0.7887, 0.5381]
2026-09-22 01:45:05,837 | INFO | __main__ | Epoch 10 train batch 4/40 | loss=1.0358 | dice_ch=[0.9283, 0.7424, 0.6524]
2026-09-22 01:45:09,303 | INFO | __main__ | Epoch 10 train batch 5/40 | loss=0.9776 | dice_ch=[0.9421, 0.878, 0.6996]
2026-09-22 01:45:12,787 | INFO | __main__ | Epoch 10 train batch 6/40 | loss=0.9629 | dice_ch=[0.9559, 0.909, 0.6284]
2026-09-22 01:45:16,374 | INFO | __main__ | Epoch 10 train batch 7/40 | loss=0.9803 | dice_ch=[1.0, 0.6344, 0.3875]
2026-09-22 01:45:20,039 | INFO | __main__ | Epoch 10 train batch 8/40 | loss=0.9868 | dice_ch=[0.9789, 0.9487, 0.8387]
2026-09-22 01:45:23,478 | INFO | __main__ | Epoch 10 train batch 9/40 | loss=1.0000 | dice_ch=[1.0, 1.0, 1.0]
2026-09-22 01:45:26,969 | INFO | __main__ | Epoch 10 train batch 10/40 | loss=1.0462 | dice_ch=[0.996, 0.7409, 0.6632]
2026-09-22 01:45:30,467 | INFO | __main__ | Epoch 10 train batch 11/40 | loss=1.0018 | dice_ch=[0.8945, 0.6847, 0.4914]
2026-09-22 01:45:34,019 | INFO | __main__ | Epoch 10 train batch 12/40 | loss=0.9831 | dice_ch=[1.0, 0.9715, 0.8471]
2026-09-22 01:45:37,501 | INFO | __main__ | Epoch 10 train batch 13/40 | loss=0.9779 | dice_ch=[0.951, 0.8838, 0.7044]
2026-09-22 01:45:41,084 | INFO | __main__ | Epoch 10 train batch 14/40 | loss=0.9819 | dice_ch=[0.9956, 0.9914, 0.8277]
2026-09-22 01:45:44,724 | INFO | __main__ | Epoch 10 train batch 15/40 | loss=0.9970 | dice_ch=[0.9692, 0.9191, 0.8666]
2026-09-22 01:45:48,291 | INFO | __main__ | Epoch 10 train batch 16/40 | loss=0.9765 | dice_ch=[0.993, 0.9359, 0.7683]
2026-09-22 01:45:51,784 | INFO | __main__ | Epoch 10 train batch 17/40 | loss=0.9927 | dice_ch=[0.9487, 0.8184, 0.7237]
2026-09-22 01:45:55,318 | INFO | __main__ | Epoch 10 train batch 18/40 | loss=0.9904 | dice_ch=[0.9659, 0.8624, 0.7664]
2026-09-22 01:45:58,819 | INFO | __main__ | Epoch 10 train batch 19/40 | loss=0.9908 | dice_ch=[0.9474, 0.8986, 0.7695]
2026-09-22 01:46:02,505 | INFO | __main__ | Epoch 10 train batch 20/40 | loss=0.9964 | dice_ch=[0.9874, 0.9768, 0.9308]
2026-09-22 01:46:06,130 | INFO | __main__ | Epoch 10 train batch 21/40 | loss=1.0005 | dice_ch=[0.9049, 0.8168, 0.6904]
2026-09-22 01:46:09,858 | INFO | __main__ | Epoch 10 train batch 22/40 | loss=0.9912 | dice_ch=[0.9914, 0.9745, 0.7488]
2026-09-22 01:46:13,438 | INFO | __main__ | Epoch 10 train batch 23/40 | loss=0.9823 | dice_ch=[0.9982, 0.9511, 0.8185]
2026-09-22 01:46:17,275 | INFO | __main__ | Epoch 10 train batch 24/40 | loss=0.9927 | dice_ch=[0.9081, 0.802, 0.6348]
2026-09-22 01:46:20,854 | INFO | __main__ | Epoch 10 train batch 25/40 | loss=0.9848 | dice_ch=[0.9321, 0.8005, 0.553]
2026-09-22 01:46:24,449 | INFO | __main__ | Epoch 10 train batch 26/40 | loss=0.9650 | dice_ch=[0.9205, 0.7408, 0.4355]
2026-09-22 01:46:28,268 | INFO | __main__ | Epoch 10 train batch 27/40 | loss=0.9763 | dice_ch=[0.9993, 0.5538, 0.4134]
2026-09-22 01:46:31,923 | INFO | __main__ | Epoch 10 train batch 28/40 | loss=1.0102 | dice_ch=[0.8558, 0.5937, 0.4497]
2026-09-22 01:46:35,873 | INFO | __main__ | Epoch 10 train batch 29/40 | loss=0.9920 | dice_ch=[0.9316, 0.8225, 0.6936]
2026-09-22 01:46:39,444 | INFO | __main__ | Epoch 10 train batch 30/40 | loss=0.9958 | dice_ch=[0.8667, 0.7403, 0.5284]
2026-09-22 01:46:43,156 | INFO | __main__ | Epoch 10 train batch 31/40 | loss=1.0057 | dice_ch=[0.9029, 0.7557, 0.5607]
2026-09-22 01:46:46,894 | INFO | __main__ | Epoch 10 train batch 32/40 | loss=0.9798 | dice_ch=[0.9637, 0.9169, 0.7037]
2026-09-22 01:46:50,420 | INFO | __main__ | Epoch 10 train batch 33/40 | loss=0.9942 | dice_ch=[0.9093, 0.8196, 0.6305]
2026-09-22 01:46:53,928 | INFO | __main__ | Epoch 10 train batch 34/40 | loss=1.0239 | dice_ch=[0.8832, 0.7412, 0.6544]
2026-09-22 01:46:57,566 | INFO | __main__ | Epoch 10 train batch 35/40 | loss=0.9632 | dice_ch=[0.8771, 0.7186, 0.3815]
2026-09-22 01:47:01,268 | INFO | __main__ | Epoch 10 train batch 36/40 | loss=0.9869 | dice_ch=[0.9325, 0.8017, 0.6215]
2026-09-22 01:47:05,147 | INFO | __main__ | Epoch 10 train batch 37/40 | loss=0.9756 | dice_ch=[1.0, 0.8098, 0.7133]
2026-09-22 01:47:08,698 | INFO | __main__ | Epoch 10 train batch 38/40 | loss=1.0251 | dice_ch=[0.8757, 0.7536, 0.6523]
2026-09-22 01:47:12,613 | INFO | __main__ | Epoch 10 train batch 39/40 | loss=0.9847 | dice_ch=[0.9856, 0.9466, 0.8508]
2026-09-22 01:47:16,650 | INFO | __main__ | Epoch 10 train batch 40/40 | loss=0.9948 | dice_ch=[0.9955, 0.9879, 0.9219]
2026-09-22 01:47:16,651 | INFO | __main__ | Epoch 10 train channel Dice losses ET/TC/WT = 0.9502 / 0.8304 / 0.6798
2026-09-22 01:47:20,170 | INFO | __main__ | Epoch 10 val batch 1/10
2026-09-22 01:47:23,938 | INFO | __main__ | Epoch 10 val batch 2/10
2026-09-22 01:47:27,560 | INFO | __main__ | Epoch 10 val batch 3/10
2026-09-22 01:47:31,226 | INFO | __main__ | Epoch 10 val batch 4/10
2026-09-22 01:47:34,724 | INFO | __main__ | Epoch 10 val batch 5/10
2026-09-22 01:47:38,219 | INFO | __main__ | Epoch 10 val batch 6/10
2026-09-22 01:47:41,947 | INFO | __main__ | Epoch 10 val batch 7/10
2026-09-22 01:47:45,521 | INFO | __main__ | Epoch 10 val batch 8/10
2026-09-22 01:47:48,979 | INFO | __main__ | Epoch 10 val batch 9/10
2026-09-22 01:47:52,465 | INFO | __main__ | Epoch 10 val batch 10/10
2026-09-22 01:47:52,470 | INFO | __main__ | Epoch 10/20 | train_loss=0.9921 | dice_ch=[0.950,0.830,0.680] | val_dice=0.1738 (ET=0.094 TC=0.207 WT=0.220) | 181.4s | lr=1.00e-04
2026-09-22 01:47:56,337 | INFO | __main__ | Epoch 11 train batch 1/40 | loss=1.0206 | dice_ch=[0.891, 0.7385, 0.6539]
2026-09-22 01:47:59,989 | INFO | __main__ | Epoch 11 train batch 2/40 | loss=0.9850 | dice_ch=[0.9798, 0.9502, 0.8136]
2026-09-22 01:48:03,672 | INFO | __main__ | Epoch 11 train batch 3/40 | loss=1.0000 | dice_ch=[1.0, 1.0, 1.0]
2026-09-22 01:48:07,390 | INFO | __main__ | Epoch 11 train batch 4/40 | loss=0.9906 | dice_ch=[0.8003, 0.6091, 0.3926]
2026-09-22 01:48:11,210 | INFO | __main__ | Epoch 11 train batch 5/40 | loss=0.9914 | dice_ch=[0.9955, 0.9914, 0.9049]
2026-09-22 01:48:14,826 | INFO | __main__ | Epoch 11 train batch 6/40 | loss=1.0185 | dice_ch=[0.801, 0.5231, 0.2851]
2026-09-22 01:48:18,617 | INFO | __main__ | Epoch 11 train batch 7/40 | loss=1.0463 | dice_ch=[0.9962, 0.7503, 0.6617]
2026-09-22 01:48:22,152 | INFO | __main__ | Epoch 11 train batch 8/40 | loss=1.0000 | dice_ch=[1.0, 1.0, 1.0]
2026-09-22 01:48:25,973 | INFO | __main__ | Epoch 11 train batch 9/40 | loss=0.9709 | dice_ch=[1.0, 0.6716, 0.3915]
2026-09-22 01:48:29,772 | INFO | __main__ | Epoch 11 train batch 10/40 | loss=0.9972 | dice_ch=[0.9953, 0.9676, 0.9064]
2026-09-22 01:48:33,889 | INFO | __main__ | Epoch 11 train batch 11/40 | loss=0.9785 | dice_ch=[0.9993, 0.5575, 0.4091]
2026-09-22 01:48:37,858 | INFO | __main__ | Epoch 11 train batch 12/40 | loss=0.9957 | dice_ch=[0.9703, 0.9166, 0.8549]
2026-09-22 01:48:41,920 | INFO | __main__ | Epoch 11 train batch 13/40 | loss=1.0000 | dice_ch=[1.0, 1.0, 1.0]
2026-09-22 01:48:46,387 | INFO | __main__ | Epoch 11 train batch 14/40 | loss=0.9938 | dice_ch=[0.9489, 0.8282, 0.7382]
2026-09-22 01:48:50,354 | INFO | __main__ | Epoch 11 train batch 15/40 | loss=0.9806 | dice_ch=[0.972, 0.9225, 0.7205]
2026-09-22 01:48:53,927 | INFO | __main__ | Epoch 11 train batch 16/40 | loss=0.9782 | dice_ch=[0.9273, 0.682, 0.5406]
2026-09-22 01:48:57,497 | INFO | __main__ | Epoch 11 train batch 17/40 | loss=0.9830 | dice_ch=[0.9957, 0.9913, 0.8269]
2026-09-22 01:49:01,106 | INFO | __main__ | Epoch 11 train batch 18/40 | loss=0.9654 | dice_ch=[1.0, 0.7646, 0.6179]
2026-09-22 01:49:04,756 | INFO | __main__ | Epoch 11 train batch 19/40 | loss=1.0000 | dice_ch=[1.0, 1.0, 1.0]
2026-09-22 01:49:08,279 | INFO | __main__ | Epoch 11 train batch 20/40 | loss=0.9907 | dice_ch=[0.9272, 0.7988, 0.6846]
2026-09-22 01:49:11,847 | INFO | __main__ | Epoch 11 train batch 21/40 | loss=1.0216 | dice_ch=[0.8618, 0.7411, 0.6496]
2026-09-22 01:49:15,638 | INFO | __main__ | Epoch 11 train batch 22/40 | loss=0.9989 | dice_ch=[1.0, 0.9965, 0.9834]
2026-09-22 01:49:19,344 | INFO | __main__ | Epoch 11 train batch 23/40 | loss=0.9982 | dice_ch=[1.0, 1.0, 0.9755]
2026-09-22 01:49:22,881 | INFO | __main__ | Epoch 11 train batch 24/40 | loss=0.9681 | dice_ch=[0.9086, 0.7825, 0.4386]
2026-09-22 01:49:26,499 | INFO | __main__ | Epoch 11 train batch 25/40 | loss=0.9577 | dice_ch=[0.9302, 0.84, 0.4116]
2026-09-22 01:49:30,022 | INFO | __main__ | Epoch 11 train batch 26/40 | loss=1.0047 | dice_ch=[0.9066, 0.7607, 0.6962]
2026-09-22 01:49:33,715 | INFO | __main__ | Epoch 11 train batch 27/40 | loss=1.0000 | dice_ch=[1.0, 1.0, 1.0]
2026-09-22 01:49:37,222 | INFO | __main__ | Epoch 11 train batch 28/40 | loss=0.9867 | dice_ch=[0.9655, 0.8683, 0.7872]
2026-09-22 01:49:40,898 | INFO | __main__ | Epoch 11 train batch 29/40 | loss=0.9623 | dice_ch=[0.9058, 0.7724, 0.4956]
2026-09-22 01:49:44,533 | INFO | __main__ | Epoch 11 train batch 30/40 | loss=0.9696 | dice_ch=[0.9592, 0.8791, 0.6499]
2026-09-22 01:49:48,402 | INFO | __main__ | Epoch 11 train batch 31/40 | loss=0.9953 | dice_ch=[0.9482, 0.8209, 0.7247]
2026-09-22 01:49:51,948 | INFO | __main__ | Epoch 11 train batch 32/40 | loss=0.9656 | dice_ch=[0.8964, 0.8006, 0.476]
2026-09-22 01:49:55,464 | INFO | __main__ | Epoch 11 train batch 33/40 | loss=0.9805 | dice_ch=[0.9225, 0.7908, 0.578]
2026-09-22 01:49:59,017 | INFO | __main__ | Epoch 11 train batch 34/40 | loss=0.9959 | dice_ch=[0.9301, 0.7988, 0.6671]
2026-09-22 01:50:02,718 | INFO | __main__ | Epoch 11 train batch 35/40 | loss=1.0583 | dice_ch=[0.9891, 0.6975, 0.621]
2026-09-22 01:50:06,266 | INFO | __main__ | Epoch 11 train batch 36/40 | loss=0.9835 | dice_ch=[0.9895, 0.9578, 0.8512]
2026-09-22 01:50:09,817 | INFO | __main__ | Epoch 11 train batch 37/40 | loss=0.9810 | dice_ch=[1.0, 0.9658, 0.8221]
2026-09-22 01:50:13,441 | INFO | __main__ | Epoch 11 train batch 38/40 | loss=0.9541 | dice_ch=[0.9862, 0.8672, 0.5688]
2026-09-22 01:50:16,995 | INFO | __main__ | Epoch 11 train batch 39/40 | loss=0.9873 | dice_ch=[0.9949, 0.9882, 0.8408]
2026-09-22 01:50:20,621 | INFO | __main__ | Epoch 11 train batch 40/40 | loss=0.9830 | dice_ch=[0.8074, 0.6297, 0.2392]
2026-09-22 01:50:20,621 | INFO | __main__ | Epoch 11 train channel Dice losses ET/TC/WT = 0.9525 / 0.8405 / 0.6970
2026-09-22 01:50:24,196 | INFO | __main__ | Epoch 11 val batch 1/10
2026-09-22 01:50:27,870 | INFO | __main__ | Epoch 11 val batch 2/10
2026-09-22 01:50:31,400 | INFO | __main__ | Epoch 11 val batch 3/10
2026-09-22 01:50:34,862 | INFO | __main__ | Epoch 11 val batch 4/10
2026-09-22 01:50:38,446 | INFO | __main__ | Epoch 11 val batch 5/10
2026-09-22 01:50:41,971 | INFO | __main__ | Epoch 11 val batch 6/10
2026-09-22 01:50:45,454 | INFO | __main__ | Epoch 11 val batch 7/10
2026-09-22 01:50:48,952 | INFO | __main__ | Epoch 11 val batch 8/10
2026-09-22 01:50:52,536 | INFO | __main__ | Epoch 11 val batch 9/10
2026-09-22 01:50:56,083 | INFO | __main__ | Epoch 11 val batch 10/10
2026-09-22 01:50:56,087 | INFO | __main__ | Epoch 11/20 | train_loss=0.9910 | dice_ch=[0.953,0.841,0.697] | val_dice=0.2312 (ET=0.124 TC=0.299 WT=0.271) | 183.4s | lr=1.00e-04
2026-09-22 01:50:56,415 | INFO | __main__ | New best mean val Dice 0.2312 -> checkpoints/brats_v2_loss_fix/best_model.pt
2026-09-22 01:50:59,991 | INFO | __main__ | Epoch 12 train batch 1/40 | loss=1.0277 | dice_ch=[0.873, 0.75, 0.6433]
2026-09-22 01:51:03,658 | INFO | __main__ | Epoch 12 train batch 2/40 | loss=0.9749 | dice_ch=[0.9691, 0.9285, 0.7286]
2026-09-22 01:51:07,076 | INFO | __main__ | Epoch 12 train batch 3/40 | loss=0.9938 | dice_ch=[1.0, 0.8666, 0.8234]
2026-09-22 01:51:10,627 | INFO | __main__ | Epoch 12 train batch 4/40 | loss=1.0071 | dice_ch=[0.9067, 0.773, 0.7118]
2026-09-22 01:51:14,158 | INFO | __main__ | Epoch 12 train batch 5/40 | loss=0.9835 | dice_ch=[0.9981, 0.954, 0.8452]
2026-09-22 01:51:17,682 | INFO | __main__ | Epoch 12 train batch 6/40 | loss=0.9945 | dice_ch=[0.801, 0.6056, 0.4566]
2026-09-22 01:51:21,277 | INFO | __main__ | Epoch 12 train batch 7/40 | loss=0.9934 | dice_ch=[0.9672, 0.9089, 0.8508]
2026-09-22 01:51:24,867 | INFO | __main__ | Epoch 12 train batch 8/40 | loss=0.9700 | dice_ch=[0.9008, 0.7248, 0.4509]
2026-09-22 01:51:28,532 | INFO | __main__ | Epoch 12 train batch 9/40 | loss=0.9866 | dice_ch=[0.9202, 0.803, 0.6857]
2026-09-22 01:51:32,159 | INFO | __main__ | Epoch 12 train batch 10/40 | loss=0.9816 | dice_ch=[0.9405, 0.8443, 0.7076]
2026-09-22 01:51:35,700 | INFO | __main__ | Epoch 12 train batch 11/40 | loss=0.9889 | dice_ch=[0.9892, 0.9265, 0.8591]
2026-09-22 01:51:39,188 | INFO | __main__ | Epoch 12 train batch 12/40 | loss=0.9788 | dice_ch=[0.9412, 0.8247, 0.6545]
2026-09-22 01:51:42,670 | INFO | __main__ | Epoch 12 train batch 13/40 | loss=1.0828 | dice_ch=[0.9777, 0.3888, 0.2483]
2026-09-22 01:51:46,268 | INFO | __main__ | Epoch 12 train batch 14/40 | loss=0.9847 | dice_ch=[0.9611, 0.8819, 0.788]
2026-09-22 01:51:49,759 | INFO | __main__ | Epoch 12 train batch 15/40 | loss=0.9726 | dice_ch=[0.9596, 0.9088, 0.6716]
2026-09-22 01:51:53,329 | INFO | __main__ | Epoch 12 train batch 16/40 | loss=0.9973 | dice_ch=[0.8649, 0.7693, 0.5517]
2026-09-22 01:51:56,936 | INFO | __main__ | Epoch 12 train batch 17/40 | loss=1.0265 | dice_ch=[0.9952, 0.618, 0.5226]
2026-09-22 01:52:00,460 | INFO | __main__ | Epoch 12 train batch 18/40 | loss=0.9653 | dice_ch=[0.9078, 0.7784, 0.5229]
2026-09-22 01:52:04,133 | INFO | __main__ | Epoch 12 train batch 19/40 | loss=0.9657 | dice_ch=[0.9993, 0.5283, 0.4074]
2026-09-22 01:52:07,697 | INFO | __main__ | Epoch 12 train batch 20/40 | loss=0.9890 | dice_ch=[0.99, 0.9732, 0.8445]
2026-09-22 01:52:11,303 | INFO | __main__ | Epoch 12 train batch 21/40 | loss=0.9762 | dice_ch=[0.8973, 0.6075, 0.4375]
2026-09-22 01:52:14,860 | INFO | __main__ | Epoch 12 train batch 22/40 | loss=0.9608 | dice_ch=[1.0, 0.6253, 0.3587]
2026-09-22 01:52:18,318 | INFO | __main__ | Epoch 12 train batch 23/40 | loss=0.9822 | dice_ch=[1.0, 0.9672, 0.831]
2026-09-22 01:52:21,757 | INFO | __main__ | Epoch 12 train batch 24/40 | loss=0.9824 | dice_ch=[0.9389, 0.8519, 0.6884]
2026-09-22 01:52:25,457 | INFO | __main__ | Epoch 12 train batch 25/40 | loss=1.0292 | dice_ch=[0.8757, 0.4717, 0.2898]
2026-09-22 01:52:28,992 | INFO | __main__ | Epoch 12 train batch 26/40 | loss=0.9905 | dice_ch=[0.9855, 0.93, 0.8868]
2026-09-22 01:52:32,552 | INFO | __main__ | Epoch 12 train batch 27/40 | loss=0.9770 | dice_ch=[0.9419, 0.854, 0.6635]
2026-09-22 01:52:36,033 | INFO | __main__ | Epoch 12 train batch 28/40 | loss=1.0000 | dice_ch=[1.0, 1.0, 1.0]
2026-09-22 01:52:39,596 | INFO | __main__ | Epoch 12 train batch 29/40 | loss=0.9606 | dice_ch=[0.8989, 0.6553, 0.3428]
2026-09-22 01:52:43,062 | INFO | __main__ | Epoch 12 train batch 30/40 | loss=0.9614 | dice_ch=[0.9441, 0.8898, 0.4997]
2026-09-22 01:52:46,576 | INFO | __main__ | Epoch 12 train batch 31/40 | loss=0.9730 | dice_ch=[0.9898, 0.973, 0.6711]
2026-09-22 01:52:50,166 | INFO | __main__ | Epoch 12 train batch 32/40 | loss=0.9647 | dice_ch=[0.9907, 0.9817, 0.668]
2026-09-22 01:52:54,131 | INFO | __main__ | Epoch 12 train batch 33/40 | loss=0.9807 | dice_ch=[0.8961, 0.6264, 0.4476]
2026-09-22 02:00:21,843 | INFO | __main__ | Epoch 12 train batch 34/40 | loss=1.0108 | dice_ch=[0.8698, 0.7643, 0.6377]
2026-09-22 02:00:29,671 | INFO | __main__ | Epoch 12 train batch 35/40 | loss=0.9849 | dice_ch=[0.9785, 0.9366, 0.8386]
2026-09-22 02:00:39,714 | INFO | __main__ | Epoch 12 train batch 36/40 | loss=0.9762 | dice_ch=[0.9922, 0.9241, 0.7851]
2026-09-22 02:00:48,382 | INFO | __main__ | Epoch 12 train batch 37/40 | loss=0.9800 | dice_ch=[0.9773, 0.9461, 0.8005]
2026-09-22 02:00:57,147 | INFO | __main__ | Epoch 12 train batch 38/40 | loss=0.9872 | dice_ch=[0.9022, 0.8107, 0.6209]
2026-09-22 02:01:05,763 | INFO | __main__ | Epoch 12 train batch 39/40 | loss=1.0000 | dice_ch=[1.0, 1.0, 1.0]
2026-09-22 02:09:30,510 | INFO | __main__ | Epoch 12 train batch 40/40 | loss=1.0384 | dice_ch=[0.7669, 0.4518, 0.2812]
2026-09-22 02:09:30,511 | INFO | __main__ | Epoch 12 train channel Dice losses ET/TC/WT = 0.9427 / 0.8006 / 0.6431
2026-09-22 02:09:39,995 | INFO | __main__ | Epoch 12 val batch 1/10
2026-09-22 02:09:49,143 | INFO | __main__ | Epoch 12 val batch 2/10
2026-09-22 02:09:58,385 | INFO | __main__ | Epoch 12 val batch 3/10
2026-09-22 02:10:07,715 | INFO | __main__ | Epoch 12 val batch 4/10
2026-09-22 02:18:34,369 | INFO | __main__ | Epoch 12 val batch 5/10
2026-09-22 02:18:44,211 | INFO | __main__ | Epoch 12 val batch 6/10
2026-09-22 02:18:53,122 | INFO | __main__ | Epoch 12 val batch 7/10
2026-09-22 02:19:02,025 | INFO | __main__ | Epoch 12 val batch 8/10
2026-09-22 02:19:09,970 | INFO | __main__ | Epoch 12 val batch 9/10
2026-09-22 02:19:18,306 | INFO | __main__ | Epoch 12 val batch 10/10
2026-09-22 02:19:18,313 | INFO | __main__ | Epoch 12/20 | train_loss=0.9895 | dice_ch=[0.943,0.801,0.643] | val_dice=0.2490 (ET=0.123 TC=0.367 WT=0.256) | 261.9s | lr=1.00e-04
2026-09-22 02:19:18,880 | INFO | __main__ | New best mean val Dice 0.2490 -> checkpoints/brats_v2_loss_fix/best_model.pt
2026-09-22 02:27:44,414 | INFO | __main__ | Epoch 13 train batch 1/40 | loss=0.9806 | dice_ch=[0.8913, 0.6324, 0.4492]
2026-09-22 02:27:52,381 | INFO | __main__ | Epoch 13 train batch 2/40 | loss=0.9885 | dice_ch=[0.9273, 0.7999, 0.7101]
2026-09-22 02:27:59,940 | INFO | __main__ | Epoch 13 train batch 3/40 | loss=0.9954 | dice_ch=[0.9944, 0.9889, 0.9489]
2026-09-22 02:28:07,385 | INFO | __main__ | Epoch 13 train batch 4/40 | loss=0.9467 | dice_ch=[0.9232, 0.8134, 0.3908]
2026-09-22 02:28:15,524 | INFO | __main__ | Epoch 13 train batch 5/40 | loss=1.0228 | dice_ch=[0.99, 0.5726, 0.4444]
2026-09-22 02:28:22,224 | INFO | __main__ | Epoch 13 train batch 6/40 | loss=0.9490 | dice_ch=[0.8979, 0.6878, 0.3377]
2026-09-22 02:36:47,722 | INFO | __main__ | Epoch 13 train batch 7/40 | loss=0.9709 | dice_ch=[0.9453, 0.8591, 0.6487]
2026-09-22 02:36:55,348 | INFO | __main__ | Epoch 13 train batch 8/40 | loss=0.9814 | dice_ch=[0.8755, 0.7521, 0.5663]
2026-09-22 02:37:02,507 | INFO | __main__ | Epoch 13 train batch 9/40 | loss=0.9854 | dice_ch=[0.9399, 0.8885, 0.7586]
2026-09-22 02:37:09,776 | INFO | __main__ | Epoch 13 train batch 10/40 | loss=0.9904 | dice_ch=[1.0, 0.7724, 0.6255]
2026-09-22 02:37:16,476 | INFO | __main__ | Epoch 13 train batch 11/40 | loss=0.9748 | dice_ch=[0.937, 0.8357, 0.6537]
2026-09-22 02:45:55,358 | INFO | __main__ | Epoch 13 train batch 12/40 | loss=0.9804 | dice_ch=[1.0, 0.8777, 0.7836]
2026-09-22 02:46:03,108 | INFO | __main__ | Epoch 13 train batch 13/40 | loss=0.9714 | dice_ch=[0.9781, 0.9449, 0.6973]
2026-09-22 02:46:10,808 | INFO | __main__ | Epoch 13 train batch 14/40 | loss=0.9697 | dice_ch=[0.9671, 0.8782, 0.6922]
2026-09-22 02:46:18,212 | INFO | __main__ | Epoch 13 train batch 15/40 | loss=0.9869 | dice_ch=[0.9837, 0.9502, 0.8517]
2026-09-22 02:46:56,909 | INFO | __main__ | Epoch 13 train batch 16/40 | loss=0.9771 | dice_ch=[1.0, 0.7562, 0.6755]
2026-09-22 02:47:02,750 | INFO | __main__ | Epoch 13 train batch 17/40 | loss=0.9532 | dice_ch=[0.8825, 0.6267, 0.296]
2026-09-22 02:47:10,800 | INFO | __main__ | Epoch 13 train batch 18/40 | loss=1.0326 | dice_ch=[0.996, 0.7151, 0.6437]
2026-09-22 02:47:17,902 | INFO | __main__ | Epoch 13 train batch 19/40 | loss=0.9699 | dice_ch=[0.9898, 0.9724, 0.6425]
2026-09-22 02:47:25,319 | INFO | __main__ | Epoch 13 train batch 20/40 | loss=0.9716 | dice_ch=[0.8622, 0.5556, 0.3308]
2026-09-22 02:47:31,831 | INFO | __main__ | Epoch 13 train batch 21/40 | loss=0.9718 | dice_ch=[0.9931, 0.9179, 0.748]
2026-09-22 02:47:40,395 | INFO | __main__ | Epoch 13 train batch 22/40 | loss=0.9859 | dice_ch=[0.9102, 0.6536, 0.5084]
2026-09-22 02:56:05,092 | INFO | __main__ | Epoch 13 train batch 23/40 | loss=1.0000 | dice_ch=[1.0, 1.0, 1.0]
2026-09-22 02:56:12,450 | INFO | __main__ | Epoch 13 train batch 24/40 | loss=0.9970 | dice_ch=[1.0, 1.0, 0.9699]
2026-09-22 03:05:07,066 | INFO | __main__ | Epoch 13 train batch 25/40 | loss=0.9994 | dice_ch=[0.9992, 0.9989, 0.9749]
2026-09-22 03:05:14,568 | INFO | __main__ | Epoch 13 train batch 26/40 | loss=0.9874 | dice_ch=[0.9097, 0.8041, 0.6249]
2026-09-22 03:09:18,415 | INFO | __main__ | Epoch 13 train batch 27/40 | loss=0.9846 | dice_ch=[0.9866, 0.888, 0.8206]
2026-09-22 03:09:26,669 | INFO | __main__ | Epoch 13 train batch 28/40 | loss=0.9816 | dice_ch=[0.9384, 0.7958, 0.7086]
2026-09-22 03:09:34,196 | INFO | __main__ | Epoch 13 train batch 29/40 | loss=0.9835 | dice_ch=[0.8268, 0.5879, 0.2831]
2026-09-22 03:09:41,396 | INFO | __main__ | Epoch 13 train batch 30/40 | loss=0.9718 | dice_ch=[0.9422, 0.8511, 0.6767]
2026-09-22 03:09:48,093 | INFO | __main__ | Epoch 13 train batch 31/40 | loss=1.0127 | dice_ch=[0.8582, 0.7382, 0.603]
2026-09-22 03:09:56,082 | INFO | __main__ | Epoch 13 train batch 32/40 | loss=0.9902 | dice_ch=[0.8871, 0.7878, 0.6473]
2026-09-22 03:10:02,613 | INFO | __main__ | Epoch 13 train batch 33/40 | loss=1.0138 | dice_ch=[0.7772, 0.4384, 0.2632]
2026-09-22 03:18:29,577 | INFO | __main__ | Epoch 13 train batch 34/40 | loss=0.9847 | dice_ch=[0.8352, 0.5351, 0.294]
2026-09-22 03:18:37,510 | INFO | __main__ | Epoch 13 train batch 35/40 | loss=1.0183 | dice_ch=[0.9206, 0.6822, 0.5255]
2026-09-22 03:18:44,193 | INFO | __main__ | Epoch 13 train batch 36/40 | loss=0.9816 | dice_ch=[0.9979, 0.9546, 0.828]
2026-09-22 03:18:52,373 | INFO | __main__ | Epoch 13 train batch 37/40 | loss=0.9995 | dice_ch=[1.0, 1.0, 0.9949]
2026-09-22 03:19:00,392 | INFO | __main__ | Epoch 13 train batch 38/40 | loss=1.0020 | dice_ch=[0.7961, 0.5129, 0.363]
2026-09-22 03:19:07,372 | INFO | __main__ | Epoch 13 train batch 39/40 | loss=0.9842 | dice_ch=[0.9996, 0.7612, 0.6824]
2026-09-22 03:27:31,885 | INFO | __main__ | Epoch 13 train batch 40/40 | loss=0.9634 | dice_ch=[0.8523, 0.6174, 0.4152]
2026-09-22 03:27:31,886 | INFO | __main__ | Epoch 13 train channel Dice losses ET/TC/WT = 0.9353 / 0.7851 / 0.6270
2026-09-22 03:27:40,899 | INFO | __main__ | Epoch 13 val batch 1/10
2026-09-22 03:27:49,247 | INFO | __main__ | Epoch 13 val batch 2/10
2026-09-22 03:27:57,662 | INFO | __main__ | Epoch 13 val batch 3/10
2026-09-22 03:28:05,856 | INFO | __main__ | Epoch 13 val batch 4/10
2026-09-22 03:28:14,127 | INFO | __main__ | Epoch 13 val batch 5/10
2026-09-22 03:36:39,922 | INFO | __main__ | Epoch 13 val batch 6/10
2026-09-22 03:36:49,304 | INFO | __main__ | Epoch 13 val batch 7/10
2026-09-22 03:36:57,335 | INFO | __main__ | Epoch 13 val batch 8/10
2026-09-22 03:45:44,905 | INFO | __main__ | Epoch 13 val batch 9/10
2026-09-22 03:45:53,315 | INFO | __main__ | Epoch 13 val batch 10/10
2026-09-22 03:45:53,322 | INFO | __main__ | Epoch 13/20 | train_loss=0.9853 | dice_ch=[0.935,0.785,0.627] | val_dice=0.1966 (ET=0.119 TC=0.224 WT=0.247) | 370.2s | lr=1.00e-04
2026-09-22 03:46:00,652 | INFO | __main__ | Epoch 14 train batch 1/40 | loss=0.9593 | dice_ch=[0.98, 0.8418, 0.5658]
2026-09-22 03:46:08,704 | INFO | __main__ | Epoch 14 train batch 2/40 | loss=0.9810 | dice_ch=[0.9994, 0.9992, 0.7965]
2026-09-22 03:46:16,193 | INFO | __main__ | Epoch 14 train batch 3/40 | loss=1.0000 | dice_ch=[1.0, 1.0, 1.0]
2026-09-22 03:53:55,785 | INFO | __main__ | Epoch 14 train batch 4/40 | loss=0.9880 | dice_ch=[0.8103, 0.5119, 0.2906]
2026-09-22 03:54:03,595 | INFO | __main__ | Epoch 14 train batch 5/40 | loss=1.0000 | dice_ch=[1.0, 1.0, 1.0]
2026-09-22 03:54:11,571 | INFO | __main__ | Epoch 14 train batch 6/40 | loss=0.9806 | dice_ch=[1.0, 0.9677, 0.8246]
2026-09-22 03:54:19,882 | INFO | __main__ | Epoch 14 train batch 7/40 | loss=0.9852 | dice_ch=[0.974, 0.8765, 0.8094]
2026-09-22 03:54:27,751 | INFO | __main__ | Epoch 14 train batch 8/40 | loss=0.9662 | dice_ch=[0.8088, 0.6495, 0.352]
2026-09-22 03:54:35,963 | INFO | __main__ | Epoch 14 train batch 9/40 | loss=1.0004 | dice_ch=[0.9974, 0.9955, 0.9747]
2026-09-22 04:03:01,108 | INFO | __main__ | Epoch 14 train batch 10/40 | loss=1.0000 | dice_ch=[1.0, 1.0, 1.0]
2026-09-22 04:03:09,351 | INFO | __main__ | Epoch 14 train batch 11/40 | loss=0.9919 | dice_ch=[0.8728, 0.7548, 0.5664]
2026-09-22 04:03:17,716 | INFO | __main__ | Epoch 14 train batch 12/40 | loss=0.9790 | dice_ch=[0.9953, 0.9901, 0.7929]
2026-09-22 04:03:25,553 | INFO | __main__ | Epoch 14 train batch 13/40 | loss=0.9980 | dice_ch=[0.901, 0.739, 0.6666]
2026-09-22 04:03:32,808 | INFO | __main__ | Epoch 14 train batch 14/40 | loss=1.0000 | dice_ch=[1.0, 1.0, 1.0]
2026-09-22 04:03:40,113 | INFO | __main__ | Epoch 14 train batch 15/40 | loss=0.9553 | dice_ch=[0.9956, 0.8818, 0.5861]
2026-09-22 04:12:05,567 | INFO | __main__ | Epoch 14 train batch 16/40 | loss=1.0000 | dice_ch=[1.0, 1.0, 0.9999]
2026-09-22 04:12:12,448 | INFO | __main__ | Epoch 14 train batch 17/40 | loss=1.0001 | dice_ch=[1.0, 1.0, 0.9977]
2026-09-22 04:12:20,263 | INFO | __main__ | Epoch 14 train batch 18/40 | loss=0.9342 | dice_ch=[0.9157, 0.7874, 0.3201]
2026-09-22 04:12:28,464 | INFO | __main__ | Epoch 14 train batch 19/40 | loss=0.9812 | dice_ch=[0.9772, 0.9289, 0.7973]
2026-09-22 04:12:36,966 | INFO | __main__ | Epoch 14 train batch 20/40 | loss=0.9988 | dice_ch=[0.882, 0.7849, 0.6421]
2026-09-22 04:12:44,704 | INFO | __main__ | Epoch 14 train batch 21/40 | loss=0.9602 | dice_ch=[0.9924, 0.9205, 0.6579]
2026-09-22 04:21:11,082 | INFO | __main__ | Epoch 14 train batch 22/40 | loss=0.9877 | dice_ch=[0.9252, 0.7808, 0.6597]
2026-09-22 04:21:21,391 | INFO | __main__ | Epoch 14 train batch 23/40 | loss=0.9787 | dice_ch=[0.985, 0.9363, 0.815]
2026-09-22 04:21:32,326 | INFO | __main__ | Epoch 14 train batch 24/40 | loss=0.9801 | dice_ch=[0.9996, 0.7512, 0.6811]
2026-09-22 04:21:40,416 | INFO | __main__ | Epoch 14 train batch 25/40 | loss=0.9827 | dice_ch=[0.8969, 0.7995, 0.6083]
2026-09-22 04:21:47,555 | INFO | __main__ | Epoch 14 train batch 26/40 | loss=0.9927 | dice_ch=[0.8791, 0.6448, 0.5178]
2026-09-22 04:21:55,558 | INFO | __main__ | Epoch 14 train batch 27/40 | loss=1.0000 | dice_ch=[1.0, 1.0, 1.0]
2026-09-22 04:24:26,387 | INFO | __main__ | Epoch 14 train batch 28/40 | loss=0.9805 | dice_ch=[0.9431, 0.7887, 0.7018]
2026-09-22 04:33:24,552 | INFO | __main__ | Epoch 14 train batch 29/40 | loss=0.9768 | dice_ch=[0.9379, 0.8279, 0.7002]
2026-09-22 04:33:32,656 | INFO | __main__ | Epoch 14 train batch 30/40 | loss=1.0238 | dice_ch=[0.9925, 0.6846, 0.6201]
2026-09-22 04:33:40,321 | INFO | __main__ | Epoch 14 train batch 31/40 | loss=0.9792 | dice_ch=[0.9142, 0.7857, 0.6746]
2026-09-22 04:33:47,956 | INFO | __main__ | Epoch 14 train batch 32/40 | loss=0.9777 | dice_ch=[0.9996, 0.996, 0.7778]
2026-09-22 04:42:28,648 | INFO | __main__ | Epoch 14 train batch 33/40 | loss=0.9715 | dice_ch=[0.9461, 0.8735, 0.6855]
2026-09-22 04:42:35,143 | INFO | __main__ | Epoch 14 train batch 34/40 | loss=0.9917 | dice_ch=[0.971, 0.8837, 0.7998]
2026-09-22 04:42:41,857 | INFO | __main__ | Epoch 14 train batch 35/40 | loss=0.9540 | dice_ch=[1.0, 0.5363, 0.295]
2026-09-22 04:42:49,424 | INFO | __main__ | Epoch 14 train batch 36/40 | loss=0.9549 | dice_ch=[1.0, 0.7277, 0.5894]
2026-09-22 04:42:57,435 | INFO | __main__ | Epoch 14 train batch 37/40 | loss=0.9966 | dice_ch=[0.893, 0.7948, 0.7409]
2026-09-22 04:43:04,717 | INFO | __main__ | Epoch 14 train batch 38/40 | loss=1.0347 | dice_ch=[0.743, 0.45, 0.2678]
2026-09-22 04:43:11,802 | INFO | __main__ | Epoch 14 train batch 39/40 | loss=0.9667 | dice_ch=[0.9715, 0.9289, 0.6477]
2026-09-22 04:49:33,591 | INFO | __main__ | Epoch 14 train batch 40/40 | loss=0.9920 | dice_ch=[0.9681, 0.905, 0.8483]
2026-09-22 04:49:33,595 | INFO | __main__ | Epoch 14 train channel Dice losses ET/TC/WT = 0.9517 / 0.8431 / 0.7068
2026-09-22 04:49:42,790 | INFO | __main__ | Epoch 14 val batch 1/10
2026-09-22 04:49:51,524 | INFO | __main__ | Epoch 14 val batch 2/10
2026-09-22 04:51:44,060 | INFO | __main__ | Epoch 14 val batch 3/10
2026-09-22 04:51:52,925 | INFO | __main__ | Epoch 14 val batch 4/10
2026-09-22 04:52:01,939 | INFO | __main__ | Epoch 14 val batch 5/10
2026-09-22 04:52:10,156 | INFO | __main__ | Epoch 14 val batch 6/10
2026-09-22 04:52:17,784 | INFO | __main__ | Epoch 14 val batch 7/10
2026-09-22 04:52:25,859 | INFO | __main__ | Epoch 14 val batch 8/10
2026-09-22 04:54:58,341 | INFO | __main__ | Epoch 14 val batch 9/10
2026-09-22 04:55:06,818 | INFO | __main__ | Epoch 14 val batch 10/10
2026-09-22 04:55:06,830 | INFO | __main__ | Epoch 14/20 | train_loss=0.9845 | dice_ch=[0.952,0.843,0.707] | val_dice=0.2257 (ET=0.150 TC=0.234 WT=0.293) | 386.0s | lr=1.00e-04
2026-09-22 04:55:13,973 | INFO | __main__ | Epoch 15 train batch 1/40 | loss=1.0089 | dice_ch=[0.8934, 0.7283, 0.5839]
2026-09-22 04:55:21,708 | INFO | __main__ | Epoch 15 train batch 2/40 | loss=0.9600 | dice_ch=[0.8551, 0.5643, 0.3081]
2026-09-22 04:55:28,757 | INFO | __main__ | Epoch 15 train batch 3/40 | loss=0.9677 | dice_ch=[0.9929, 0.9159, 0.7057]
2026-09-22 04:55:36,148 | INFO | __main__ | Epoch 15 train batch 4/40 | loss=0.9482 | dice_ch=[0.9992, 0.481, 0.3538]
2026-09-22 05:04:00,692 | INFO | __main__ | Epoch 15 train batch 5/40 | loss=0.9967 | dice_ch=[1.0, 1.0, 0.9702]
2026-09-22 05:04:08,482 | INFO | __main__ | Epoch 15 train batch 6/40 | loss=0.9764 | dice_ch=[0.9354, 0.8305, 0.6906]
2026-09-22 05:13:02,962 | INFO | __main__ | Epoch 15 train batch 7/40 | loss=0.9956 | dice_ch=[0.9999, 0.9998, 0.9509]
2026-09-22 05:13:11,622 | INFO | __main__ | Epoch 15 train batch 8/40 | loss=0.9567 | dice_ch=[0.99, 0.9753, 0.5828]
2026-09-22 05:13:18,804 | INFO | __main__ | Epoch 15 train batch 9/40 | loss=1.0331 | dice_ch=[0.7256, 0.3992, 0.226]
2026-09-22 05:13:26,515 | INFO | __main__ | Epoch 15 train batch 10/40 | loss=1.0000 | dice_ch=[1.0, 1.0, 0.9998]
2026-09-22 05:13:35,068 | INFO | __main__ | Epoch 15 train batch 11/40 | loss=0.9502 | dice_ch=[1.0, 0.5527, 0.2762]
2026-09-22 05:13:42,830 | INFO | __main__ | Epoch 15 train batch 12/40 | loss=0.9819 | dice_ch=[0.9743, 0.9401, 0.8334]
2026-09-22 05:22:08,320 | INFO | __main__ | Epoch 15 train batch 13/40 | loss=0.9824 | dice_ch=[0.9372, 0.8744, 0.7423]
2026-09-22 05:22:15,226 | INFO | __main__ | Epoch 15 train batch 14/40 | loss=1.0037 | dice_ch=[0.7892, 0.5003, 0.3339]
2026-09-22 05:22:22,592 | INFO | __main__ | Epoch 15 train batch 15/40 | loss=1.0141 | dice_ch=[0.9872, 0.3983, 0.2491]
2026-09-22 05:22:29,931 | INFO | __main__ | Epoch 15 train batch 16/40 | loss=0.9624 | dice_ch=[0.8869, 0.5736, 0.3857]
2026-09-22 05:22:37,269 | INFO | __main__ | Epoch 15 train batch 17/40 | loss=0.9834 | dice_ch=[0.9896, 0.9684, 0.8287]
2026-09-22 05:22:43,603 | INFO | __main__ | Epoch 15 train batch 18/40 | loss=0.9699 | dice_ch=[0.9455, 0.7123, 0.6236]
2026-09-22 05:22:50,479 | INFO | __main__ | Epoch 15 train batch 19/40 | loss=0.9873 | dice_ch=[0.8931, 0.7806, 0.6641]
2026-09-22 05:23:11,732 | INFO | __main__ | Epoch 15 train batch 20/40 | loss=0.9615 | dice_ch=[0.9098, 0.7503, 0.533]
2026-09-22 05:23:18,524 | INFO | __main__ | Epoch 15 train batch 21/40 | loss=0.9822 | dice_ch=[0.8287, 0.6751, 0.3562]
2026-09-22 05:23:25,844 | INFO | __main__ | Epoch 15 train batch 22/40 | loss=0.9996 | dice_ch=[1.0, 0.9881, 0.9865]
2026-09-22 05:23:32,788 | INFO | __main__ | Epoch 15 train batch 23/40 | loss=0.9755 | dice_ch=[1.0, 0.8587, 0.7886]
2026-09-22 05:32:16,458 | INFO | __main__ | Epoch 15 train batch 24/40 | loss=0.9797 | dice_ch=[0.914, 0.7808, 0.6594]
2026-09-22 05:32:24,752 | INFO | __main__ | Epoch 15 train batch 25/40 | loss=1.0321 | dice_ch=[0.8423, 0.4155, 0.2488]
2026-09-22 05:32:31,530 | INFO | __main__ | Epoch 15 train batch 26/40 | loss=0.9605 | dice_ch=[0.9649, 0.9154, 0.6073]
2026-09-22 05:32:39,255 | INFO | __main__ | Epoch 15 train batch 27/40 | loss=0.9833 | dice_ch=[0.8131, 0.6609, 0.4101]
2026-09-22 05:41:19,071 | INFO | __main__ | Epoch 15 train batch 28/40 | loss=0.9706 | dice_ch=[1.0, 0.6973, 0.658]
2026-09-22 05:41:25,803 | INFO | __main__ | Epoch 15 train batch 29/40 | loss=0.9641 | dice_ch=[0.8044, 0.6219, 0.3795]
2026-09-22 05:41:33,418 | INFO | __main__ | Epoch 15 train batch 30/40 | loss=0.9684 | dice_ch=[0.8899, 0.6005, 0.4511]
2026-09-22 05:41:39,969 | INFO | __main__ | Epoch 15 train batch 31/40 | loss=0.9418 | dice_ch=[0.8783, 0.6049, 0.2857]
2026-09-22 05:41:47,464 | INFO | __main__ | Epoch 15 train batch 32/40 | loss=0.9842 | dice_ch=[0.998, 0.9595, 0.8178]
2026-09-22 05:41:54,904 | INFO | __main__ | Epoch 15 train batch 33/40 | loss=1.0000 | dice_ch=[1.0, 1.0, 1.0]
2026-09-22 05:42:01,822 | INFO | __main__ | Epoch 15 train batch 34/40 | loss=1.0001 | dice_ch=[1.0, 0.9991, 0.9977]
2026-09-22 05:50:26,326 | INFO | __main__ | Epoch 15 train batch 35/40 | loss=0.9861 | dice_ch=[0.8703, 0.6654, 0.5336]
2026-09-22 05:50:34,713 | INFO | __main__ | Epoch 15 train batch 36/40 | loss=0.9873 | dice_ch=[0.9631, 0.8824, 0.8112]
2026-09-22 05:50:41,867 | INFO | __main__ | Epoch 15 train batch 37/40 | loss=0.9681 | dice_ch=[0.9612, 0.8952, 0.6985]
2026-09-22 05:50:49,577 | INFO | __main__ | Epoch 15 train batch 38/40 | loss=0.9613 | dice_ch=[0.8906, 0.7557, 0.4877]
2026-09-22 05:50:56,779 | INFO | __main__ | Epoch 15 train batch 39/40 | loss=0.9656 | dice_ch=[0.9893, 0.9675, 0.6155]
2026-09-22 05:51:03,731 | INFO | __main__ | Epoch 15 train batch 40/40 | loss=0.9694 | dice_ch=[0.9373, 0.8394, 0.6491]
2026-09-22 05:51:03,732 | INFO | __main__ | Epoch 15 train channel Dice losses ET/TC/WT = 0.9312 / 0.7682 / 0.6071
2026-09-22 05:55:53,430 | INFO | __main__ | Epoch 15 val batch 1/10
2026-09-22 05:56:01,160 | INFO | __main__ | Epoch 15 val batch 2/10
2026-09-22 05:56:09,555 | INFO | __main__ | Epoch 15 val batch 3/10
2026-09-22 05:56:18,088 | INFO | __main__ | Epoch 15 val batch 4/10
2026-09-22 06:04:58,239 | INFO | __main__ | Epoch 15 val batch 5/10
2026-09-22 06:05:07,333 | INFO | __main__ | Epoch 15 val batch 6/10
2026-09-22 06:05:16,579 | INFO | __main__ | Epoch 15 val batch 7/10
2026-09-22 06:05:25,288 | INFO | __main__ | Epoch 15 val batch 8/10
2026-09-22 06:05:34,402 | INFO | __main__ | Epoch 15 val batch 9/10
2026-09-22 06:14:06,096 | INFO | __main__ | Epoch 15 val batch 10/10
2026-09-22 06:14:06,105 | INFO | __main__ | Epoch 15/20 | train_loss=0.9805 | dice_ch=[0.931,0.768,0.607] | val_dice=0.3497 (ET=0.212 TC=0.383 WT=0.454) | 367.9s | lr=1.00e-04
2026-09-22 06:14:06,723 | INFO | __main__ | New best mean val Dice 0.3497 -> checkpoints/brats_v2_loss_fix/best_model.pt
2026-09-22 06:14:14,574 | INFO | __main__ | Epoch 16 train batch 1/40 | loss=0.9784 | dice_ch=[0.9825, 0.9276, 0.8174]
2026-09-22 06:14:21,475 | INFO | __main__ | Epoch 16 train batch 2/40 | loss=0.9702 | dice_ch=[0.9291, 0.7452, 0.6188]
2026-09-22 06:14:29,157 | INFO | __main__ | Epoch 16 train batch 3/40 | loss=0.9411 | dice_ch=[0.8579, 0.6535, 0.3122]
2026-09-22 06:14:36,603 | INFO | __main__ | Epoch 16 train batch 4/40 | loss=1.0536 | dice_ch=[0.9877, 0.6772, 0.6233]
2026-09-22 06:14:44,054 | INFO | __main__ | Epoch 16 train batch 5/40 | loss=0.9985 | dice_ch=[0.9975, 0.9932, 0.9576]
2026-09-22 06:23:09,136 | INFO | __main__ | Epoch 16 train batch 6/40 | loss=0.9673 | dice_ch=[0.9357, 0.7933, 0.625]
2026-09-22 06:23:16,568 | INFO | __main__ | Epoch 16 train batch 7/40 | loss=0.9751 | dice_ch=[0.9996, 0.7422, 0.6794]
2026-09-22 06:23:23,070 | INFO | __main__ | Epoch 16 train batch 8/40 | loss=0.9793 | dice_ch=[1.0, 0.7639, 0.599]
2026-09-22 06:23:31,156 | INFO | __main__ | Epoch 16 train batch 9/40 | loss=0.9634 | dice_ch=[0.8021, 0.6369, 0.3677]
2026-09-22 06:23:38,643 | INFO | __main__ | Epoch 16 train batch 10/40 | loss=0.9989 | dice_ch=[0.7651, 0.4666, 0.2264]
2026-09-22 06:23:46,232 | INFO | __main__ | Epoch 16 train batch 11/40 | loss=0.9619 | dice_ch=[0.887, 0.7897, 0.5303]
2026-09-22 06:23:53,102 | INFO | __main__ | Epoch 16 train batch 12/40 | loss=0.9677 | dice_ch=[0.9548, 0.8678, 0.6732]
2026-09-22 06:32:17,729 | INFO | __main__ | Epoch 16 train batch 13/40 | loss=0.9456 | dice_ch=[0.8586, 0.6099, 0.3244]
2026-09-22 06:41:15,818 | INFO | __main__ | Epoch 16 train batch 14/40 | loss=1.0000 | dice_ch=[1.0, 1.0, 1.0]
2026-09-22 06:41:22,098 | INFO | __main__ | Epoch 16 train batch 15/40 | loss=0.9839 | dice_ch=[0.9258, 0.7825, 0.6571]
2026-09-22 06:41:29,941 | INFO | __main__ | Epoch 16 train batch 16/40 | loss=1.0000 | dice_ch=[1.0, 1.0, 1.0]
2026-09-22 06:41:37,641 | INFO | __main__ | Epoch 16 train batch 17/40 | loss=0.9618 | dice_ch=[0.9759, 0.9328, 0.6444]
2026-09-22 06:41:44,903 | INFO | __main__ | Epoch 16 train batch 18/40 | loss=0.9610 | dice_ch=[0.9311, 0.8307, 0.604]
2026-09-22 06:41:52,681 | INFO | __main__ | Epoch 16 train batch 19/40 | loss=1.0000 | dice_ch=[1.0, 1.0, 1.0]
2026-09-22 06:42:00,428 | INFO | __main__ | Epoch 16 train batch 20/40 | loss=0.9783 | dice_ch=[0.9404, 0.7737, 0.6774]
2026-09-22 06:44:54,725 | INFO | __main__ | Epoch 16 train batch 21/40 | loss=0.9805 | dice_ch=[1.0, 0.9999, 0.7979]
2026-09-22 06:45:02,968 | INFO | __main__ | Epoch 16 train batch 22/40 | loss=0.9846 | dice_ch=[0.9977, 0.9618, 0.8015]
2026-09-22 06:45:10,553 | INFO | __main__ | Epoch 16 train batch 23/40 | loss=0.9500 | dice_ch=[0.872, 0.6342, 0.3433]
2026-09-22 06:45:18,099 | INFO | __main__ | Epoch 16 train batch 24/40 | loss=0.9688 | dice_ch=[0.8036, 0.5382, 0.2317]
2026-09-22 06:45:25,339 | INFO | __main__ | Epoch 16 train batch 25/40 | loss=0.9725 | dice_ch=[0.973, 0.9342, 0.7605]
2026-09-22 06:45:32,381 | INFO | __main__ | Epoch 16 train batch 26/40 | loss=0.9246 | dice_ch=[0.9082, 0.77, 0.3038]
2026-09-22 06:45:41,844 | INFO | __main__ | Epoch 16 train batch 27/40 | loss=0.9525 | dice_ch=[0.9892, 0.9741, 0.5966]
2026-09-22 06:45:49,530 | INFO | __main__ | Epoch 16 train batch 28/40 | loss=0.9790 | dice_ch=[0.9103, 0.6454, 0.3433]
2026-09-22 06:45:56,617 | INFO | __main__ | Epoch 16 train batch 29/40 | loss=0.9760 | dice_ch=[0.9465, 0.8274, 0.7313]
2026-09-22 06:46:03,308 | INFO | __main__ | Epoch 16 train batch 30/40 | loss=0.9500 | dice_ch=[0.8899, 0.7469, 0.4922]
2026-09-22 06:46:11,218 | INFO | __main__ | Epoch 16 train batch 31/40 | loss=0.9785 | dice_ch=[0.7485, 0.525, 0.2891]
2026-09-22 06:46:18,083 | INFO | __main__ | Epoch 16 train batch 32/40 | loss=0.9851 | dice_ch=[0.8608, 0.6183, 0.4876]
2026-09-22 06:46:24,627 | INFO | __main__ | Epoch 16 train batch 33/40 | loss=0.9891 | dice_ch=[1.0, 0.8496, 0.8348]
2026-09-22 06:54:50,294 | INFO | __main__ | Epoch 16 train batch 34/40 | loss=0.9765 | dice_ch=[0.8914, 0.7906, 0.6021]
2026-09-22 06:54:57,137 | INFO | __main__ | Epoch 16 train batch 35/40 | loss=1.0170 | dice_ch=[0.996, 0.6989, 0.6356]
2026-09-22 06:56:58,648 | INFO | __main__ | Epoch 16 train batch 36/40 | loss=0.9806 | dice_ch=[1.0, 0.9899, 0.828]
2026-09-22 06:57:06,242 | INFO | __main__ | Epoch 16 train batch 37/40 | loss=0.9967 | dice_ch=[0.8731, 0.7208, 0.6572]
2026-09-22 06:57:12,819 | INFO | __main__ | Epoch 16 train batch 38/40 | loss=0.9620 | dice_ch=[0.896, 0.5663, 0.4505]
2026-09-22 06:57:20,268 | INFO | __main__ | Epoch 16 train batch 39/40 | loss=0.9681 | dice_ch=[0.9267, 0.6702, 0.6044]
2026-09-22 06:57:27,713 | INFO | __main__ | Epoch 16 train batch 40/40 | loss=0.9750 | dice_ch=[1.0, 0.8489, 0.79]
2026-09-22 06:57:27,713 | INFO | __main__ | Epoch 16 train channel Dice losses ET/TC/WT = 0.9303 / 0.7824 / 0.6130
2026-09-22 06:57:36,389 | INFO | __main__ | Epoch 16 val batch 1/10
2026-09-22 06:57:42,339 | INFO | __main__ | Epoch 16 val batch 2/10
2026-09-22 06:57:46,055 | INFO | __main__ | Epoch 16 val batch 3/10
2026-09-22 07:06:43,567 | INFO | __main__ | Epoch 16 val batch 4/10
2026-09-22 07:06:52,149 | INFO | __main__ | Epoch 16 val batch 5/10
2026-09-22 07:09:47,821 | INFO | __main__ | Epoch 16 val batch 6/10
2026-09-22 07:09:56,263 | INFO | __main__ | Epoch 16 val batch 7/10
2026-09-22 07:10:05,932 | INFO | __main__ | Epoch 16 val batch 8/10
2026-09-22 07:10:14,318 | INFO | __main__ | Epoch 16 val batch 9/10
2026-09-22 07:10:22,908 | INFO | __main__ | Epoch 16 val batch 10/10
2026-09-22 07:10:22,914 | INFO | __main__ | Epoch 16/20 | train_loss=0.9763 | dice_ch=[0.930,0.782,0.613] | val_dice=0.2518 (ET=0.161 TC=0.244 WT=0.350) | 362.0s | lr=1.00e-04
2026-09-22 07:10:30,049 | INFO | __main__ | Epoch 17 train batch 1/40 | loss=0.9931 | dice_ch=[0.9999, 0.9999, 0.9267]
2026-09-22 07:14:43,060 | INFO | __main__ | Epoch 17 train batch 2/40 | loss=0.9839 | dice_ch=[0.8876, 0.7651, 0.6565]
2026-09-22 07:14:51,285 | INFO | __main__ | Epoch 17 train batch 3/40 | loss=1.0328 | dice_ch=[0.8564, 0.7072, 0.625]
2026-09-22 07:14:58,494 | INFO | __main__ | Epoch 17 train batch 4/40 | loss=0.9758 | dice_ch=[0.9466, 0.8669, 0.7236]
2026-09-22 07:15:06,101 | INFO | __main__ | Epoch 17 train batch 5/40 | loss=0.9861 | dice_ch=[0.9564, 0.8616, 0.7874]
2026-09-22 07:15:13,813 | INFO | __main__ | Epoch 17 train batch 6/40 | loss=0.9879 | dice_ch=[0.8922, 0.7245, 0.6454]
2026-09-22 07:15:20,980 | INFO | __main__ | Epoch 17 train batch 7/40 | loss=1.0310 | dice_ch=[0.9754, 0.3183, 0.2299]
2026-09-22 07:18:49,797 | INFO | __main__ | Epoch 17 train batch 8/40 | loss=0.9652 | dice_ch=[0.976, 0.9355, 0.6237]
2026-09-22 07:18:57,748 | INFO | __main__ | Epoch 17 train batch 9/40 | loss=0.9961 | dice_ch=[1.0, 1.0, 0.9615]
2026-09-22 07:19:05,348 | INFO | __main__ | Epoch 17 train batch 10/40 | loss=0.9678 | dice_ch=[0.9996, 0.7284, 0.6666]
2026-09-22 07:19:12,740 | INFO | __main__ | Epoch 17 train batch 11/40 | loss=1.0115 | dice_ch=[0.9954, 0.6855, 0.6229]
2026-09-22 07:19:19,727 | INFO | __main__ | Epoch 17 train batch 12/40 | loss=0.9545 | dice_ch=[0.8811, 0.563, 0.3669]
2026-09-22 07:19:26,261 | INFO | __main__ | Epoch 17 train batch 13/40 | loss=0.9893 | dice_ch=[0.8937, 0.8045, 0.6011]
2026-09-22 07:27:56,241 | INFO | __main__ | Epoch 17 train batch 14/40 | loss=0.9664 | dice_ch=[0.9391, 0.827, 0.6209]
2026-09-22 07:28:03,588 | INFO | __main__ | Epoch 17 train batch 15/40 | loss=0.9689 | dice_ch=[0.8848, 0.7923, 0.593]
2026-09-22 07:28:10,999 | INFO | __main__ | Epoch 17 train batch 16/40 | loss=0.9672 | dice_ch=[0.9411, 0.8072, 0.6373]
2026-09-22 07:28:18,326 | INFO | __main__ | Epoch 17 train batch 17/40 | loss=0.9789 | dice_ch=[0.9077, 0.7744, 0.6546]
2026-09-22 07:28:26,046 | INFO | __main__ | Epoch 17 train batch 18/40 | loss=0.9474 | dice_ch=[1.0, 0.5283, 0.2532]
2026-09-22 07:28:33,554 | INFO | __main__ | Epoch 17 train batch 19/40 | loss=0.9672 | dice_ch=[0.9628, 0.8757, 0.6509]
2026-09-22 07:28:40,720 | INFO | __main__ | Epoch 17 train batch 20/40 | loss=0.9919 | dice_ch=[0.9969, 0.9843, 0.926]
2026-09-22 07:37:05,409 | INFO | __main__ | Epoch 17 train batch 21/40 | loss=0.9596 | dice_ch=[0.7664, 0.5796, 0.2709]
2026-09-22 07:37:12,777 | INFO | __main__ | Epoch 17 train batch 22/40 | loss=0.9656 | dice_ch=[0.9141, 0.6664, 0.5519]
2026-09-22 07:46:07,665 | INFO | __main__ | Epoch 17 train batch 23/40 | loss=0.9954 | dice_ch=[0.7518, 0.4621, 0.2802]
2026-09-22 07:46:15,495 | INFO | __main__ | Epoch 17 train batch 24/40 | loss=0.9798 | dice_ch=[0.9734, 0.94, 0.8203]
2026-09-22 07:46:22,506 | INFO | __main__ | Epoch 17 train batch 25/40 | loss=0.9984 | dice_ch=[1.0, 0.995, 0.9819]
2026-09-22 07:46:29,955 | INFO | __main__ | Epoch 17 train batch 26/40 | loss=0.9788 | dice_ch=[0.939, 0.7805, 0.6941]
2026-09-22 07:46:37,171 | INFO | __main__ | Epoch 17 train batch 27/40 | loss=0.9985 | dice_ch=[1.0, 1.0, 0.9799]
2026-09-22 07:46:45,241 | INFO | __main__ | Epoch 17 train batch 28/40 | loss=0.9545 | dice_ch=[0.9888, 0.9696, 0.58]
2026-09-22 07:55:09,874 | INFO | __main__ | Epoch 17 train batch 29/40 | loss=0.9617 | dice_ch=[1.0, 0.9162, 0.65]
2026-09-22 07:55:18,270 | INFO | __main__ | Epoch 17 train batch 30/40 | loss=0.9418 | dice_ch=[0.8533, 0.654, 0.3452]
2026-09-22 07:55:26,213 | INFO | __main__ | Epoch 17 train batch 31/40 | loss=0.9759 | dice_ch=[0.8956, 0.7968, 0.6709]
2026-09-22 07:55:33,945 | INFO | __main__ | Epoch 17 train batch 32/40 | loss=0.9717 | dice_ch=[0.9924, 0.9774, 0.7489]
2026-09-22 07:55:41,183 | INFO | __main__ | Epoch 17 train batch 33/40 | loss=0.9676 | dice_ch=[0.9334, 0.8097, 0.6763]
2026-09-22 07:55:48,357 | INFO | __main__ | Epoch 17 train batch 34/40 | loss=0.9705 | dice_ch=[0.9147, 0.7674, 0.6154]
2026-09-22 07:55:55,115 | INFO | __main__ | Epoch 17 train batch 35/40 | loss=0.9974 | dice_ch=[0.8276, 0.6659, 0.5158]
2026-09-22 07:56:08,934 | INFO | __main__ | Epoch 17 train batch 36/40 | loss=0.9796 | dice_ch=[0.9859, 0.8441, 0.7722]
2026-09-22 07:56:16,570 | INFO | __main__ | Epoch 17 train batch 37/40 | loss=0.9818 | dice_ch=[0.9941, 0.9828, 0.7932]
2026-09-22 07:56:23,900 | INFO | __main__ | Epoch 17 train batch 38/40 | loss=0.9944 | dice_ch=[1.0, 1.0, 0.9413]
2026-09-22 07:56:50,861 | INFO | __main__ | Epoch 17 train batch 39/40 | loss=0.9841 | dice_ch=[1.0, 0.8145, 0.7614]
2026-09-22 07:56:56,974 | INFO | __main__ | Epoch 17 train batch 40/40 | loss=0.9792 | dice_ch=[1.0, 0.8594, 0.7558]
2026-09-22 07:56:56,974 | INFO | __main__ | Epoch 17 train channel Dice losses ET/TC/WT = 0.9406 / 0.8008 / 0.6545
2026-09-22 07:57:06,480 | INFO | __main__ | Epoch 17 val batch 1/10
2026-09-22 07:57:14,552 | INFO | __main__ | Epoch 17 val batch 2/10
2026-09-22 07:59:24,071 | INFO | __main__ | Epoch 17 val batch 3/10
2026-09-22 07:59:33,029 | INFO | __main__ | Epoch 17 val batch 4/10
2026-09-22 07:59:40,683 | INFO | __main__ | Epoch 17 val batch 5/10
2026-09-22 07:59:49,724 | INFO | __main__ | Epoch 17 val batch 6/10
2026-09-22 07:59:55,692 | INFO | __main__ | Epoch 17 val batch 7/10
2026-09-22 08:00:02,490 | INFO | __main__ | Epoch 17 val batch 8/10
2026-09-22 08:09:02,183 | INFO | __main__ | Epoch 17 val batch 9/10
2026-09-22 08:11:04,811 | INFO | __main__ | Epoch 17 val batch 10/10
2026-09-22 08:11:04,849 | INFO | __main__ | Epoch 17/20 | train_loss=0.9800 | dice_ch=[0.941,0.801,0.654] | val_dice=0.3348 (ET=0.201 TC=0.376 WT=0.428) | 362.5s | lr=1.00e-04
2026-09-22 08:11:12,328 | INFO | __main__ | Epoch 18 train batch 1/40 | loss=0.9852 | dice_ch=[0.9364, 0.787, 0.6737]
2026-09-22 08:20:10,147 | INFO | __main__ | Epoch 18 train batch 2/40 | loss=0.9803 | dice_ch=[0.9918, 0.9719, 0.7668]
2026-09-22 08:20:18,219 | INFO | __main__ | Epoch 18 train batch 3/40 | loss=0.9755 | dice_ch=[0.9378, 0.765, 0.6686]
2026-09-22 08:20:25,094 | INFO | __main__ | Epoch 18 train batch 4/40 | loss=0.9961 | dice_ch=[0.7699, 0.4461, 0.2125]
2026-09-22 08:20:33,031 | INFO | __main__ | Epoch 18 train batch 5/40 | loss=0.9768 | dice_ch=[0.9638, 0.902, 0.7733]
2026-09-22 08:20:40,681 | INFO | __main__ | Epoch 18 train batch 6/40 | loss=0.9790 | dice_ch=[1.0, 1.0, 0.7784]
2026-09-22 08:20:47,346 | INFO | __main__ | Epoch 18 train batch 7/40 | loss=0.9677 | dice_ch=[0.98, 0.9251, 0.7186]
2026-09-22 08:26:57,062 | INFO | __main__ | Epoch 18 train batch 8/40 | loss=1.0226 | dice_ch=[0.9952, 0.7117, 0.6268]
2026-09-22 08:27:04,143 | INFO | __main__ | Epoch 18 train batch 9/40 | loss=0.9602 | dice_ch=[0.99, 0.914, 0.6659]
2026-09-22 08:27:11,746 | INFO | __main__ | Epoch 18 train batch 10/40 | loss=0.9582 | dice_ch=[1.0, 0.7034, 0.4709]
2026-09-22 08:27:18,701 | INFO | __main__ | Epoch 18 train batch 11/40 | loss=0.9556 | dice_ch=[0.8359, 0.5337, 0.2795]
2026-09-22 08:30:07,335 | INFO | __main__ | Epoch 18 train batch 12/40 | loss=0.9549 | dice_ch=[0.9222, 0.8356, 0.463]
2026-09-22 08:30:13,928 | INFO | __main__ | Epoch 18 train batch 13/40 | loss=0.9630 | dice_ch=[1.0, 0.7839, 0.6401]
2026-09-22 08:30:21,165 | INFO | __main__ | Epoch 18 train batch 14/40 | loss=0.9900 | dice_ch=[0.7431, 0.4387, 0.2561]
2026-09-22 08:30:29,283 | INFO | __main__ | Epoch 18 train batch 15/40 | loss=0.9477 | dice_ch=[0.995, 0.8615, 0.539]
2026-09-22 08:30:35,763 | INFO | __main__ | Epoch 18 train batch 16/40 | loss=0.9806 | dice_ch=[0.9621, 0.8622, 0.7758]
2026-09-22 08:30:43,222 | INFO | __main__ | Epoch 18 train batch 17/40 | loss=0.9552 | dice_ch=[0.776, 0.5731, 0.1882]
2026-09-22 08:39:14,179 | INFO | __main__ | Epoch 18 train batch 18/40 | loss=0.9450 | dice_ch=[0.9445, 0.8665, 0.511]
2026-09-22 08:39:21,730 | INFO | __main__ | Epoch 18 train batch 19/40 | loss=0.9854 | dice_ch=[0.7849, 0.567, 0.3171]
2026-09-22 08:39:29,456 | INFO | __main__ | Epoch 18 train batch 20/40 | loss=0.9954 | dice_ch=[0.9943, 0.988, 0.9445]
2026-09-22 08:39:36,791 | INFO | __main__ | Epoch 18 train batch 21/40 | loss=0.9297 | dice_ch=[0.9163, 0.799, 0.3898]
2026-09-22 08:39:44,266 | INFO | __main__ | Epoch 18 train batch 22/40 | loss=1.0030 | dice_ch=[0.8327, 0.7194, 0.6405]
2026-09-22 08:39:50,950 | INFO | __main__ | Epoch 18 train batch 23/40 | loss=0.9641 | dice_ch=[0.9211, 0.833, 0.6459]
2026-09-22 08:45:55,539 | INFO | __main__ | Epoch 18 train batch 24/40 | loss=0.9799 | dice_ch=[0.9947, 0.9902, 0.8354]
2026-09-22 08:46:02,225 | INFO | __main__ | Epoch 18 train batch 25/40 | loss=0.9578 | dice_ch=[0.8616, 0.7472, 0.5468]
2026-09-22 08:46:09,439 | INFO | __main__ | Epoch 18 train batch 26/40 | loss=0.9632 | dice_ch=[0.9462, 0.8543, 0.6573]
2026-09-22 08:46:27,178 | INFO | __main__ | Epoch 18 train batch 27/40 | loss=0.9879 | dice_ch=[0.988, 0.9722, 0.8855]
2026-09-22 08:51:26,717 | INFO | __main__ | Epoch 18 train batch 28/40 | loss=0.9857 | dice_ch=[1.0, 0.8383, 0.8318]
2026-09-22 08:51:34,155 | INFO | __main__ | Epoch 18 train batch 29/40 | loss=0.9636 | dice_ch=[0.7986, 0.4475, 0.2879]
2026-09-22 08:51:41,014 | INFO | __main__ | Epoch 18 train batch 30/40 | loss=0.9843 | dice_ch=[0.8446, 0.4369, 0.2537]
2026-09-22 08:51:48,926 | INFO | __main__ | Epoch 18 train batch 31/40 | loss=0.9493 | dice_ch=[0.9994, 0.6168, 0.5155]
2026-09-22 08:51:55,777 | INFO | __main__ | Epoch 18 train batch 32/40 | loss=0.9340 | dice_ch=[0.8981, 0.692, 0.3391]
2026-09-22 08:52:03,376 | INFO | __main__ | Epoch 18 train batch 33/40 | loss=0.9761 | dice_ch=[0.9917, 0.658, 0.5175]
2026-09-22 08:52:10,489 | INFO | __main__ | Epoch 18 train batch 34/40 | loss=0.9965 | dice_ch=[0.9971, 0.992, 0.9632]
2026-09-22 08:54:22,300 | INFO | __main__ | Epoch 18 train batch 35/40 | loss=0.9475 | dice_ch=[0.7933, 0.5662, 0.3128]
2026-09-22 08:54:29,403 | INFO | __main__ | Epoch 18 train batch 36/40 | loss=0.9522 | dice_ch=[1.0, 0.9148, 0.6249]
2026-09-22 08:56:15,127 | INFO | __main__ | Epoch 18 train batch 37/40 | loss=0.9611 | dice_ch=[0.937, 0.805, 0.5969]
2026-09-22 08:56:23,686 | INFO | __main__ | Epoch 18 train batch 38/40 | loss=0.9527 | dice_ch=[0.7644, 0.5133, 0.2835]
2026-09-22 08:56:31,202 | INFO | __main__ | Epoch 18 train batch 39/40 | loss=0.9741 | dice_ch=[0.7835, 0.4161, 0.2806]
2026-09-22 08:56:38,073 | INFO | __main__ | Epoch 18 train batch 40/40 | loss=0.9403 | dice_ch=[0.8544, 0.5557, 0.3275]
2026-09-22 08:56:38,074 | INFO | __main__ | Epoch 18 train channel Dice losses ET/TC/WT = 0.9161 / 0.7451 / 0.5501
2026-09-22 08:56:46,146 | INFO | __main__ | Epoch 18 val batch 1/10
2026-09-22 08:56:55,048 | INFO | __main__ | Epoch 18 val batch 2/10
2026-09-22 09:05:21,066 | INFO | __main__ | Epoch 18 val batch 3/10
2026-09-22 09:05:29,080 | INFO | __main__ | Epoch 18 val batch 4/10
2026-09-22 09:05:38,613 | INFO | __main__ | Epoch 18 val batch 5/10
2026-09-22 09:05:46,860 | INFO | __main__ | Epoch 18 val batch 6/10
2026-09-22 09:05:55,554 | INFO | __main__ | Epoch 18 val batch 7/10
2026-09-22 09:06:04,033 | INFO | __main__ | Epoch 18 val batch 8/10
2026-09-22 09:14:29,596 | INFO | __main__ | Epoch 18 val batch 9/10
2026-09-22 09:14:38,595 | INFO | __main__ | Epoch 18 val batch 10/10
2026-09-22 09:14:38,601 | INFO | __main__ | Epoch 18/20 | train_loss=0.9694 | dice_ch=[0.916,0.745,0.550] | val_dice=0.2903 (ET=0.238 TC=0.272 WT=0.360) | 362.5s | lr=1.00e-04
2026-09-22 09:23:31,601 | INFO | __main__ | Epoch 19 train batch 1/40 | loss=0.9626 | dice_ch=[0.9911, 0.8997, 0.7058]
2026-09-22 09:23:40,009 | INFO | __main__ | Epoch 19 train batch 2/40 | loss=0.9646 | dice_ch=[0.9958, 0.9935, 0.6231]
2026-09-22 09:23:48,129 | INFO | __main__ | Epoch 19 train batch 3/40 | loss=0.9465 | dice_ch=[0.9948, 0.8628, 0.5438]
2026-09-22 09:23:56,234 | INFO | __main__ | Epoch 19 train batch 4/40 | loss=1.0000 | dice_ch=[1.0, 1.0, 1.0]
2026-09-22 09:24:04,253 | INFO | __main__ | Epoch 19 train batch 5/40 | loss=0.9689 | dice_ch=[0.9348, 0.7562, 0.6301]
2026-09-22 09:24:11,109 | INFO | __main__ | Epoch 19 train batch 6/40 | loss=0.9289 | dice_ch=[0.8609, 0.554, 0.2247]
2026-09-22 09:32:35,884 | INFO | __main__ | Epoch 19 train batch 7/40 | loss=1.0037 | dice_ch=[0.8608, 0.6835, 0.6053]
2026-09-22 09:32:43,345 | INFO | __main__ | Epoch 19 train batch 8/40 | loss=0.9528 | dice_ch=[0.9456, 0.8275, 0.5545]
2026-09-22 09:32:50,377 | INFO | __main__ | Epoch 19 train batch 9/40 | loss=1.0054 | dice_ch=[0.985, 0.395, 0.2812]
2026-09-22 09:33:07,776 | INFO | __main__ | Epoch 19 train batch 10/40 | loss=1.0257 | dice_ch=[0.8285, 0.3906, 0.2319]
2026-09-22 09:33:14,928 | INFO | __main__ | Epoch 19 train batch 11/40 | loss=1.0000 | dice_ch=[1.0, 1.0, 1.0]
2026-09-22 09:33:21,550 | INFO | __main__ | Epoch 19 train batch 12/40 | loss=0.9990 | dice_ch=[1.0, 1.0, 0.9859]
2026-09-22 09:35:30,260 | INFO | __main__ | Epoch 19 train batch 13/40 | loss=0.9757 | dice_ch=[0.8765, 0.7636, 0.6461]
2026-09-22 09:35:37,445 | INFO | __main__ | Epoch 19 train batch 14/40 | loss=0.9815 | dice_ch=[0.9941, 0.9835, 0.8375]
2026-09-22 09:35:44,372 | INFO | __main__ | Epoch 19 train batch 15/40 | loss=0.9685 | dice_ch=[0.979, 0.9328, 0.7518]
2026-09-22 09:35:52,206 | INFO | __main__ | Epoch 19 train batch 16/40 | loss=0.9678 | dice_ch=[0.9217, 0.8329, 0.6534]
2026-09-22 09:35:59,566 | INFO | __main__ | Epoch 19 train batch 17/40 | loss=0.9713 | dice_ch=[0.7577, 0.5991, 0.3543]
2026-09-22 09:36:06,164 | INFO | __main__ | Epoch 19 train batch 18/40 | loss=0.9766 | dice_ch=[0.9156, 0.7682, 0.6544]
2026-09-22 09:36:13,633 | INFO | __main__ | Epoch 19 train batch 19/40 | loss=0.9490 | dice_ch=[1.0, 0.721, 0.603]
2026-09-22 09:37:20,651 | INFO | __main__ | Epoch 19 train batch 20/40 | loss=0.9696 | dice_ch=[0.8816, 0.7849, 0.5949]
2026-09-22 09:37:28,091 | INFO | __main__ | Epoch 19 train batch 21/40 | loss=0.9571 | dice_ch=[0.7858, 0.4848, 0.2503]
2026-09-22 09:37:35,324 | INFO | __main__ | Epoch 19 train batch 22/40 | loss=0.9771 | dice_ch=[0.7032, 0.4775, 0.2442]
2026-09-22 09:39:13,153 | INFO | __main__ | Epoch 19 train batch 23/40 | loss=0.9762 | dice_ch=[1.0, 0.7964, 0.7527]
2026-09-22 09:39:20,991 | INFO | __main__ | Epoch 19 train batch 24/40 | loss=0.9287 | dice_ch=[0.8522, 0.5954, 0.3336]
2026-09-22 09:39:29,059 | INFO | __main__ | Epoch 19 train batch 25/40 | loss=0.9572 | dice_ch=[0.8896, 0.6127, 0.4611]
2026-09-22 09:39:37,050 | INFO | __main__ | Epoch 19 train batch 26/40 | loss=0.9851 | dice_ch=[0.8851, 0.7104, 0.6414]
2026-09-22 09:39:44,523 | INFO | __main__ | Epoch 19 train batch 27/40 | loss=0.9715 | dice_ch=[0.9706, 0.9276, 0.7545]
2026-09-22 09:39:51,639 | INFO | __main__ | Epoch 19 train batch 28/40 | loss=0.9328 | dice_ch=[0.8194, 0.5051, 0.2062]
2026-09-22 09:48:18,526 | INFO | __main__ | Epoch 19 train batch 29/40 | loss=0.9641 | dice_ch=[0.9779, 0.9325, 0.6247]
2026-09-22 09:48:25,493 | INFO | __main__ | Epoch 19 train batch 30/40 | loss=0.9747 | dice_ch=[1.0, 0.7279, 0.5994]
2026-09-22 09:48:32,899 | INFO | __main__ | Epoch 19 train batch 31/40 | loss=0.9135 | dice_ch=[0.898, 0.7285, 0.2717]
2026-09-22 09:48:40,257 | INFO | __main__ | Epoch 19 train batch 32/40 | loss=0.9662 | dice_ch=[0.8865, 0.7731, 0.6377]
2026-09-22 09:48:47,372 | INFO | __main__ | Epoch 19 train batch 33/40 | loss=0.9309 | dice_ch=[0.8032, 0.4877, 0.2558]
2026-09-22 09:48:54,937 | INFO | __main__ | Epoch 19 train batch 34/40 | loss=0.9476 | dice_ch=[0.9243, 0.7804, 0.5184]
2026-09-22 09:49:01,976 | INFO | __main__ | Epoch 19 train batch 35/40 | loss=0.9772 | dice_ch=[0.9324, 0.7677, 0.6621]
2026-09-22 09:57:26,965 | INFO | __main__ | Epoch 19 train batch 36/40 | loss=0.9784 | dice_ch=[0.9996, 0.8486, 0.8415]
2026-09-22 09:57:34,739 | INFO | __main__ | Epoch 19 train batch 37/40 | loss=0.9967 | dice_ch=[1.0, 0.9966, 0.968]
2026-09-22 09:57:42,415 | INFO | __main__ | Epoch 19 train batch 38/40 | loss=0.9416 | dice_ch=[0.9883, 0.9732, 0.5372]
2026-09-22 09:57:49,767 | INFO | __main__ | Epoch 19 train batch 39/40 | loss=0.9773 | dice_ch=[0.9901, 0.8901, 0.7983]
2026-09-22 09:57:57,169 | INFO | __main__ | Epoch 19 train batch 40/40 | loss=1.0181 | dice_ch=[0.9947, 0.6923, 0.6109]
2026-09-22 09:57:57,169 | INFO | __main__ | Epoch 19 train channel Dice losses ET/TC/WT = 0.9256 / 0.7614 / 0.5863
2026-09-22 09:58:05,532 | INFO | __main__ | Epoch 19 val batch 1/10
2026-09-22 10:05:42,124 | INFO | __main__ | Epoch 19 val batch 2/10
2026-09-22 10:05:50,360 | INFO | __main__ | Epoch 19 val batch 3/10
2026-09-22 10:10:15,779 | INFO | __main__ | Epoch 19 val batch 4/10
2026-09-22 10:10:24,242 | INFO | __main__ | Epoch 19 val batch 5/10
2026-09-22 10:10:33,178 | INFO | __main__ | Epoch 19 val batch 6/10
2026-09-22 10:10:41,566 | INFO | __main__ | Epoch 19 val batch 7/10
2026-09-22 10:10:50,090 | INFO | __main__ | Epoch 19 val batch 8/10
2026-09-22 10:12:58,468 | INFO | __main__ | Epoch 19 val batch 9/10
2026-09-22 10:13:07,992 | INFO | __main__ | Epoch 19 val batch 10/10
2026-09-22 10:13:07,999 | INFO | __main__ | Epoch 19/20 | train_loss=0.9698 | dice_ch=[0.926,0.761,0.586] | val_dice=0.3409 (ET=0.217 TC=0.370 WT=0.436) | 369.1s | lr=1.00e-04
2026-09-22 10:13:16,253 | INFO | __main__ | Epoch 20 train batch 1/40 | loss=1.0470 | dice_ch=[0.9728, 0.3124, 0.2055]
2026-09-22 10:13:23,274 | INFO | __main__ | Epoch 20 train batch 2/40 | loss=0.9728 | dice_ch=[1.0, 0.9485, 0.7727]
2026-09-22 10:13:31,037 | INFO | __main__ | Epoch 20 train batch 3/40 | loss=0.9914 | dice_ch=[1.0, 0.9368, 0.9111]
2026-09-22 10:13:38,088 | INFO | __main__ | Epoch 20 train batch 4/40 | loss=0.9436 | dice_ch=[0.988, 0.9708, 0.525]
2026-09-22 10:13:49,761 | INFO | __main__ | Epoch 20 train batch 5/40 | loss=1.0000 | dice_ch=[1.0, 1.0, 1.0]
2026-09-22 10:13:57,323 | INFO | __main__ | Epoch 20 train batch 6/40 | loss=1.0008 | dice_ch=[0.9988, 0.9978, 0.9945]
2026-09-22 10:14:05,171 | INFO | __main__ | Epoch 20 train batch 7/40 | loss=0.9637 | dice_ch=[0.9525, 0.8658, 0.6267]
2026-09-22 10:14:12,479 | INFO | __main__ | Epoch 20 train batch 8/40 | loss=0.9691 | dice_ch=[0.9044, 0.7479, 0.632]
2026-09-22 10:14:19,867 | INFO | __main__ | Epoch 20 train batch 9/40 | loss=0.9912 | dice_ch=[1.0, 1.0, 0.904]
2026-09-22 10:14:26,502 | INFO | __main__ | Epoch 20 train batch 10/40 | loss=0.9227 | dice_ch=[1.0, 0.5408, 0.2969]
2026-09-22 10:14:33,672 | INFO | __main__ | Epoch 20 train batch 11/40 | loss=0.9480 | dice_ch=[0.8843, 0.7455, 0.3974]
2026-09-22 10:22:59,382 | INFO | __main__ | Epoch 20 train batch 12/40 | loss=0.9783 | dice_ch=[0.9867, 0.9612, 0.7979]
2026-09-22 10:23:07,125 | INFO | __main__ | Epoch 20 train batch 13/40 | loss=0.9897 | dice_ch=[1.0, 1.0, 0.8792]
2026-09-22 10:23:14,172 | INFO | __main__ | Epoch 20 train batch 14/40 | loss=0.9903 | dice_ch=[0.867, 0.7, 0.6151]
2026-09-22 10:23:22,057 | INFO | __main__ | Epoch 20 train batch 15/40 | loss=0.9834 | dice_ch=[1.0, 1.0, 0.8202]
2026-09-22 10:23:29,408 | INFO | __main__ | Epoch 20 train batch 16/40 | loss=0.9653 | dice_ch=[0.911, 0.8217, 0.6573]
2026-09-22 10:23:36,166 | INFO | __main__ | Epoch 20 train batch 17/40 | loss=0.9393 | dice_ch=[0.8313, 0.4892, 0.2553]
2026-09-22 10:26:16,884 | INFO | __main__ | Epoch 20 train batch 18/40 | loss=0.9438 | dice_ch=[0.7636, 0.5657, 0.1631]
2026-09-22 10:26:24,693 | INFO | __main__ | Epoch 20 train batch 19/40 | loss=0.9397 | dice_ch=[0.9253, 0.8481, 0.4561]
2026-09-22 10:26:31,978 | INFO | __main__ | Epoch 20 train batch 20/40 | loss=0.9530 | dice_ch=[0.8744, 0.565, 0.3447]
2026-09-22 10:26:39,521 | INFO | __main__ | Epoch 20 train batch 21/40 | loss=0.9674 | dice_ch=[0.8833, 0.7636, 0.6248]
2026-09-22 10:26:46,969 | INFO | __main__ | Epoch 20 train batch 22/40 | loss=1.0003 | dice_ch=[0.9961, 0.986, 0.9883]
2026-09-22 10:26:53,557 | INFO | __main__ | Epoch 20 train batch 23/40 | loss=0.9573 | dice_ch=[0.9237, 0.772, 0.6249]
2026-09-22 10:27:00,906 | INFO | __main__ | Epoch 20 train batch 24/40 | loss=0.9234 | dice_ch=[0.8117, 0.5116, 0.2268]
2026-09-22 10:29:53,001 | INFO | __main__ | Epoch 20 train batch 25/40 | loss=0.9700 | dice_ch=[1.0, 0.8397, 0.7448]
2026-09-22 10:30:00,410 | INFO | __main__ | Epoch 20 train batch 26/40 | loss=1.0194 | dice_ch=[0.9947, 0.6916, 0.6129]
2026-09-22 10:30:07,905 | INFO | __main__ | Epoch 20 train batch 27/40 | loss=0.9362 | dice_ch=[0.9374, 0.85, 0.506]
2026-09-22 10:30:15,670 | INFO | __main__ | Epoch 20 train batch 28/40 | loss=0.9308 | dice_ch=[0.9989, 0.4426, 0.2987]
2026-09-22 10:34:24,949 | INFO | __main__ | Epoch 20 train batch 29/40 | loss=0.9476 | dice_ch=[0.8174, 0.4602, 0.3017]
2026-09-22 10:34:33,001 | INFO | __main__ | Epoch 20 train batch 30/40 | loss=0.9598 | dice_ch=[0.9368, 0.8447, 0.641]
2026-09-22 10:34:40,200 | INFO | __main__ | Epoch 20 train batch 31/40 | loss=0.9760 | dice_ch=[0.743, 0.4004, 0.1783]
2026-09-22 10:34:48,082 | INFO | __main__ | Epoch 20 train batch 32/40 | loss=0.9852 | dice_ch=[0.9878, 0.959, 0.8536]
2026-09-22 10:34:55,222 | INFO | __main__ | Epoch 20 train batch 33/40 | loss=0.9790 | dice_ch=[0.9586, 0.8551, 0.771]
2026-09-22 10:35:02,430 | INFO | __main__ | Epoch 20 train batch 34/40 | loss=0.9702 | dice_ch=[0.9972, 0.9219, 0.7548]
2026-09-22 10:38:31,968 | INFO | __main__ | Epoch 20 train batch 35/40 | loss=0.9609 | dice_ch=[0.7835, 0.5913, 0.2984]
2026-09-22 10:38:39,462 | INFO | __main__ | Epoch 20 train batch 36/40 | loss=0.9745 | dice_ch=[0.9781, 0.9038, 0.7662]
2026-09-22 10:38:46,427 | INFO | __main__ | Epoch 20 train batch 37/40 | loss=0.9359 | dice_ch=[0.8639, 0.503, 0.3081]
2026-09-22 10:38:53,336 | INFO | __main__ | Epoch 20 train batch 38/40 | loss=0.9427 | dice_ch=[0.8513, 0.6071, 0.2847]
2026-09-22 10:39:00,678 | INFO | __main__ | Epoch 20 train batch 39/40 | loss=1.0132 | dice_ch=[0.6944, 0.3423, 0.2104]
2026-09-22 10:39:08,794 | INFO | __main__ | Epoch 20 train batch 40/40 | loss=0.9816 | dice_ch=[0.995, 0.9818, 0.8056]
2026-09-22 10:39:08,795 | INFO | __main__ | Epoch 20 train channel Dice losses ET/TC/WT = 0.9253 / 0.7561 / 0.5764
2026-09-22 10:41:58,415 | INFO | __main__ | Epoch 20 val batch 1/10
2026-09-22 10:42:06,763 | INFO | __main__ | Epoch 20 val batch 2/10
2026-09-22 10:42:15,021 | INFO | __main__ | Epoch 20 val batch 3/10
2026-09-22 10:42:23,726 | INFO | __main__ | Epoch 20 val batch 4/10
2026-09-22 10:42:31,889 | INFO | __main__ | Epoch 20 val batch 5/10
2026-09-22 10:42:40,355 | INFO | __main__ | Epoch 20 val batch 6/10
2026-09-22 10:42:48,885 | INFO | __main__ | Epoch 20 val batch 7/10
2026-09-22 10:42:57,199 | INFO | __main__ | Epoch 20 val batch 8/10
2026-09-22 10:43:06,025 | INFO | __main__ | Epoch 20 val batch 9/10
2026-09-22 10:43:14,736 | INFO | __main__ | Epoch 20 val batch 10/10
2026-09-22 10:43:14,742 | INFO | __main__ | Epoch 20/20 | train_loss=0.9691 | dice_ch=[0.925,0.756,0.576] | val_dice=0.2474 (ET=0.173 TC=0.276 WT=0.294) | 367.6s | lr=1.00e-04
